block_id,A,B,probability
12,1,10,0.7499999999999999
12,2,10,0.15
12,3,10,0.1
25,1,10,0.7499999999999999
25,2,10,0.15
25,3,10,0.1
38,1,10,0.7499999999999999
38,2,10,0.15
38,3,10,0.1
48,1,10,0.7499999999999999
48,2,10,0.15
48,3,10,0.1
113,1,10,0.7499999999999999
113,2,10,0.15
113,3,10,0.1
141,1,10,0.7499999999999999
141,2,10,0.15
141,3,10,0.1
161,1,10,0.7499999999999999
161,2,10,0.15
161,3,10,0.1
215,1,10,0.7499999999999999
215,2,10,0.15
215,3,10,0.1
229,1,10,0.7499999999999999
229,2,10,0.15
229,3,10,0.1
232,1,10,0.7499999999999999
232,2,10,0.15
232,3,10,0.1
236,1,10,0.7499999999999999
236,2,10,0.15
236,3,10,0.1
237,1,10,0.7499999999999999
237,2,10,0.15
237,3,10,0.1
258,1,10,0.8823529411764706
258,1,100,0.0
258,1,1000,0.0
258,2,10,0.0
258,2,100,0.0
258,2,1000,0.0
258,3,10,0.1176470588235294
258,3,100,0.0
258,3,1000,0.0
265,1,10,0.7499999999999999
265,2,10,0.15
265,3,10,0.1
282,1,10,0.7499999999999999
282,2,10,0.15
282,3,10,0.1
317,1,10,0.7499999999999999
317,2,10,0.15
317,3,10,0.1
332,1,10,0.7499999999999999
332,2,10,0.15
332,3,10,0.1
378,1,10,0.7499999999999999
378,2,10,0.15
378,3,10,0.1
380,1,10,0.7499999999999999
380,2,10,0.15
380,3,10,0.1
403,1,10,0.7499999999999999
403,2,10,0.15
403,3,10,0.1
406,1,10,0.7499999999999999
406,2,10,0.15
406,3,10,0.1
407,1,10,0.7499999999999999
407,2,10,0.15
407,3,10,0.1
418,1,10,0.7499999999999999
418,2,10,0.15
418,3,10,0.1
453,1,10,0.7499999999999999
453,2,10,0.15
453,3,10,0.1
454,1,10,0.7499999999999999
454,2,10,0.15
454,3,10,0.1
495,1,10,0.7499999999999999
495,2,10,0.15
495,3,10,0.1
520,1,10,0.7499999999999999
520,2,10,0.15
520,3,10,0.1
537,1,10,0.7499999999999999
537,2,10,0.15
537,3,10,0.1
552,1,10,0.7499999999999999
552,2,10,0.15
552,3,10,0.1
555,1,10,0.8823529411764706
555,1,100,0.0
555,1,1000,0.0
555,2,10,0.0
555,2,100,0.0
555,2,1000,0.0
555,3,10,0.1176470588235294
555,3,100,0.0
555,3,1000,0.0
591,1,10,0.7499999999999999
591,2,10,0.15
591,3,10,0.1
604,1,10,0.7499999999999999
604,2,10,0.15
604,3,10,0.1
732,1,10,0.7499999999999999
732,2,10,0.15
732,3,10,0.1
734,1,10,0.7499999999999999
734,2,10,0.15
734,3,10,0.1
747,1,10,0.7499999999999999
747,2,10,0.15
747,3,10,0.1
749,1,10,0.8823529411764706
749,1,100,0.0
749,1,1000,0.0
749,2,10,0.0
749,2,100,0.0
749,2,1000,0.0
749,3,10,0.1176470588235294
749,3,100,0.0
749,3,1000,0.0
776,1,10,0.7499999999999999
776,2,10,0.15
776,3,10,0.1
793,1,10,0.7499999999999999
793,2,10,0.15
793,3,10,0.1
854,1,10,0.7499999999999999
854,2,10,0.15
854,3,10,0.1
906,1,10,0.7499999999999999
906,2,10,0.15
906,3,10,0.1
916,1,10,0.7499999999999999
916,2,10,0.15
916,3,10,0.1
968,1,10,0.7499999999999999
968,2,10,0.15
968,3,10,0.1
977,1,10,0.7499999999999999
977,2,10,0.15
977,3,10,0.1
999,1,10,0.7499999999999999
999,2,10,0.15
999,3,10,0.1
1030,1,10,0.7499999999999999
1030,2,10,0.15
1030,3,10,0.1
1058,1,10,0.7499999999999999
1058,2,10,0.15
1058,3,10,0.1
1066,1,10,0.7499999999999999
1066,2,10,0.15
1066,3,10,0.1
1120,1,10,0.7499999999999999
1120,2,10,0.15
1120,3,10,0.1
1126,1,10,0.7499999999999999
1126,2,10,0.15
1126,3,10,0.1
1129,1,10,0.7499999999999999
1129,2,10,0.15
1129,3,10,0.1
1149,1,10,0.7499999999999999
1149,2,10,0.15
1149,3,10,0.1
1204,1,10,0.7499999999999999
1204,2,10,0.15
1204,3,10,0.1
1206,1,10,0.7499999999999999
1206,2,10,0.15
1206,3,10,0.1
1216,1,10,0.7499999999999999
1216,2,10,0.15
1216,3,10,0.1
1260,1,10,0.7499999999999999
1260,2,10,0.15
1260,3,10,0.1
1289,1,10,0.7499999999999999
1289,2,10,0.15
1289,3,10,0.1
1323,1,10,0.7499999999999999
1323,2,10,0.15
1323,3,10,0.1
1326,1,10,0.8823529411764706
1326,1,100,0.0
1326,1,1000,0.0
1326,2,10,0.0
1326,2,100,0.0
1326,2,1000,0.0
1326,3,10,0.1176470588235294
1326,3,100,0.0
1326,3,1000,0.0
1336,1,10,0.7499999999999999
1336,2,10,0.15
1336,3,10,0.1
1341,1,10,0.7499999999999999
1341,2,10,0.15
1341,3,10,0.1
1348,1,10,0.7499999999999999
1348,2,10,0.15
1348,3,10,0.1
1356,1,10,0.7499999999999999
1356,2,10,0.15
1356,3,10,0.1
1359,1,10,0.7499999999999999
1359,2,10,0.15
1359,3,10,0.1
1426,1,10,0.7499999999999999
1426,2,10,0.15
1426,3,10,0.1
1472,1,10,0.7499999999999999
1472,2,10,0.15
1472,3,10,0.1
1478,1,10,0.7499999999999999
1478,2,10,0.15
1478,3,10,0.1
1486,1,10,0.7499999999999999
1486,2,10,0.15
1486,3,10,0.1
1506,1,10,0.7499999999999999
1506,2,10,0.15
1506,3,10,0.1
1520,1,10,0.7499999999999999
1520,2,10,0.15
1520,3,10,0.1
1533,1,10,0.7499999999999999
1533,2,10,0.15
1533,3,10,0.1
1564,1,10,0.7499999999999999
1564,2,10,0.15
1564,3,10,0.1
1577,1,10,0.7499999999999999
1577,2,10,0.15
1577,3,10,0.1
1598,1,10,0.7499999999999999
1598,2,10,0.15
1598,3,10,0.1
1605,1,10,0.7499999999999999
1605,2,10,0.15
1605,3,10,0.1
1639,1,10,0.7499999999999999
1639,2,10,0.15
1639,3,10,0.1
1651,1,10,0.7499999999999999
1651,2,10,0.15
1651,3,10,0.1
1678,1,10,0.7499999999999999
1678,2,10,0.15
1678,3,10,0.1
1889,1,10,0.7499999999999999
1889,2,10,0.15
1889,3,10,0.1
1899,1,10,0.7499999999999999
1899,2,10,0.15
1899,3,10,0.1
1974,1,10,0.7499999999999999
1974,2,10,0.15
1974,3,10,0.1
1980,1,10,0.7499999999999999
1980,2,10,0.15
1980,3,10,0.1
1984,1,10,0.7499999999999999
1984,2,10,0.15
1984,3,10,0.1
1991,1,10,0.7499999999999999
1991,2,10,0.15
1991,3,10,0.1
2080,1,10,0.7499999999999999
2080,2,10,0.15
2080,3,10,0.1
2083,1,10,0.8823529411764706
2083,1,100,0.0
2083,1,1000,0.0
2083,2,10,0.0
2083,2,100,0.0
2083,2,1000,0.0
2083,3,10,0.1176470588235294
2083,3,100,0.0
2083,3,1000,0.0
2101,1,10,0.8823529411764706
2101,1,100,0.0
2101,1,1000,0.0
2101,2,10,0.0
2101,2,100,0.0
2101,2,1000,0.0
2101,3,10,0.1176470588235294
2101,3,100,0.0
2101,3,1000,0.0
2122,1,10,0.7499999999999999
2122,2,10,0.15
2122,3,10,0.1
2151,1,10,0.7499999999999999
2151,2,10,0.15
2151,3,10,0.1
2160,1,10,0.7499999999999999
2160,2,10,0.15
2160,3,10,0.1
2168,1,10,0.7499999999999999
2168,2,10,0.15
2168,3,10,0.1
2184,1,10,0.7499999999999999
2184,2,10,0.15
2184,3,10,0.1
2234,1,10,0.7499999999999999
2234,2,10,0.15
2234,3,10,0.1
2256,1,10,0.8823529411764706
2256,1,100,0.0
2256,1,1000,0.0
2256,2,10,0.0
2256,2,100,0.0
2256,2,1000,0.0
2256,3,10,0.1176470588235294
2256,3,100,0.0
2256,3,1000,0.0
2315,1,10,0.7499999999999999
2315,2,10,0.15
2315,3,10,0.1
2320,1,10,0.7499999999999999
2320,2,10,0.15
2320,3,10,0.1
2396,1,10,0.7499999999999999
2396,2,10,0.15
2396,3,10,0.1
2400,1,10,0.7499999999999999
2400,2,10,0.15
2400,3,10,0.1
2408,1,10,0.7499999999999999
2408,2,10,0.15
2408,3,10,0.1
2454,1,10,0.7499999999999999
2454,2,10,0.15
2454,3,10,0.1
2501,1,10,0.7499999999999999
2501,2,10,0.15
2501,3,10,0.1
2578,1,10,0.7499999999999999
2578,2,10,0.15
2578,3,10,0.1
2607,1,10,0.7499999999999999
2607,2,10,0.15
2607,3,10,0.1
2619,1,10,0.7499999999999999
2619,2,10,0.15
2619,3,10,0.1
2644,1,10,0.7499999999999999
2644,2,10,0.15
2644,3,10,0.1
2658,1,10,0.8823529411764706
2658,1,100,0.0
2658,1,1000,0.0
2658,2,10,0.0
2658,2,100,0.0
2658,2,1000,0.0
2658,3,10,0.1176470588235294
2658,3,100,0.0
2658,3,1000,0.0
2674,1,10,0.7499999999999999
2674,2,10,0.15
2674,3,10,0.1
2685,1,10,0.7499999999999999
2685,2,10,0.15
2685,3,10,0.1
2696,1,10,0.7499999999999999
2696,2,10,0.15
2696,3,10,0.1
2719,1,10,0.7499999999999999
2719,2,10,0.15
2719,3,10,0.1
2727,1,10,0.7499999999999999
2727,2,10,0.15
2727,3,10,0.1
2756,1,10,0.7499999999999999
2756,2,10,0.15
2756,3,10,0.1
2762,1,10,0.7499999999999999
2762,2,10,0.15
2762,3,10,0.1
2764,1,10,0.7499999999999999
2764,2,10,0.15
2764,3,10,0.1
2775,1,10,0.7499999999999999
2775,2,10,0.15
2775,3,10,0.1
2840,1,10,0.7499999999999999
2840,2,10,0.15
2840,3,10,0.1
2868,1,10,0.7499999999999999
2868,2,10,0.15
2868,3,10,0.1
2871,1,10,0.7499999999999999
2871,2,10,0.15
2871,3,10,0.1
2929,1,10,0.7499999999999999
2929,2,10,0.15
2929,3,10,0.1
2930,1,10,0.7499999999999999
2930,2,10,0.15
2930,3,10,0.1
2998,1,10,0.7499999999999999
2998,2,10,0.15
2998,3,10,0.1
3073,1,10,0.7499999999999999
3073,2,10,0.15
3073,3,10,0.1
3103,1,10,0.7499999999999999
3103,2,10,0.15
3103,3,10,0.1
3116,1,10,0.7499999999999999
3116,2,10,0.15
3116,3,10,0.1
3170,1,10,0.7499999999999999
3170,2,10,0.15
3170,3,10,0.1
3266,1,10,0.7499999999999999
3266,2,10,0.15
3266,3,10,0.1
3332,1,10,0.7499999999999999
3332,2,10,0.15
3332,3,10,0.1
3338,1,10,0.7499999999999999
3338,2,10,0.15
3338,3,10,0.1
3371,1,10,0.8823529411764706
3371,1,100,0.0
3371,1,1000,0.0
3371,2,10,0.0
3371,2,100,0.0
3371,2,1000,0.0
3371,3,10,0.1176470588235294
3371,3,100,0.0
3371,3,1000,0.0
3391,1,10,0.7499999999999999
3391,2,10,0.15
3391,3,10,0.1
3394,1,10,0.7499999999999999
3394,2,10,0.15
3394,3,10,0.1
3413,1,10,0.7499999999999999
3413,2,10,0.15
3413,3,10,0.1
3483,1,10,0.7499999999999999
3483,2,10,0.15
3483,3,10,0.1
3489,1,10,0.7499999999999999
3489,2,10,0.15
3489,3,10,0.1
3507,1,10,0.7499999999999999
3507,2,10,0.15
3507,3,10,0.1
3520,1,10,0.7499999999999999
3520,2,10,0.15
3520,3,10,0.1
3604,1,10,0.7499999999999999
3604,2,10,0.15
3604,3,10,0.1
3666,1,10,0.7499999999999999
3666,2,10,0.15
3666,3,10,0.1
3671,1,10,0.7499999999999999
3671,2,10,0.15
3671,3,10,0.1
3672,1,10,0.7499999999999999
3672,2,10,0.15
3672,3,10,0.1
3682,1,10,0.7499999999999999
3682,2,10,0.15
3682,3,10,0.1
3688,1,10,0.7499999999999999
3688,2,10,0.15
3688,3,10,0.1
3689,1,10,0.7499999999999999
3689,2,10,0.15
3689,3,10,0.1
3711,1,10,0.7499999999999999
3711,2,10,0.15
3711,3,10,0.1
3788,1,10,0.7499999999999999
3788,2,10,0.15
3788,3,10,0.1
3833,1,10,0.7499999999999999
3833,2,10,0.15
3833,3,10,0.1
3834,1,10,0.7499999999999999
3834,2,10,0.15
3834,3,10,0.1
3847,1,10,0.7499999999999999
3847,2,10,0.15
3847,3,10,0.1
3874,1,10,0.7499999999999999
3874,2,10,0.15
3874,3,10,0.1
3895,1,10,0.7499999999999999
3895,2,10,0.15
3895,3,10,0.1
3899,1,10,0.7499999999999999
3899,2,10,0.15
3899,3,10,0.1
3982,1,10,0.7499999999999999
3982,2,10,0.15
3982,3,10,0.1
3985,1,10,0.7499999999999999
3985,2,10,0.15
3985,3,10,0.1
4020,1,10,0.7499999999999999
4020,2,10,0.15
4020,3,10,0.1
4025,1,10,0.7499999999999999
4025,2,10,0.15
4025,3,10,0.1
4043,1,10,0.7499999999999999
4043,2,10,0.15
4043,3,10,0.1
4120,1,10,0.7499999999999999
4120,2,10,0.15
4120,3,10,0.1
4150,1,10,0.7499999999999999
4150,2,10,0.15
4150,3,10,0.1
4182,1,10,0.7499999999999999
4182,2,10,0.15
4182,3,10,0.1
4218,1,10,0.7499999999999999
4218,2,10,0.15
4218,3,10,0.1
4274,1,10,0.7499999999999999
4274,2,10,0.15
4274,3,10,0.1
4295,1,10,0.7499999999999999
4295,2,10,0.15
4295,3,10,0.1
4309,1,10,0.8823529411764706
4309,1,100,0.0
4309,1,1000,0.0
4309,2,10,0.0
4309,2,100,0.0
4309,2,1000,0.0
4309,3,10,0.1176470588235294
4309,3,100,0.0
4309,3,1000,0.0
4313,1,10,0.7499999999999999
4313,2,10,0.15
4313,3,10,0.1
4328,1,10,0.7499999999999999
4328,2,10,0.15
4328,3,10,0.1
4336,1,10,0.7499999999999999
4336,2,10,0.15
4336,3,10,0.1
4357,1,10,0.8823529411764706
4357,1,100,0.0
4357,1,1000,0.0
4357,2,10,0.0
4357,2,100,0.0
4357,2,1000,0.0
4357,3,10,0.1176470588235294
4357,3,100,0.0
4357,3,1000,0.0
4375,1,10,0.7499999999999999
4375,2,10,0.15
4375,3,10,0.1
4416,1,10,0.7499999999999999
4416,2,10,0.15
4416,3,10,0.1
4422,1,10,0.7499999999999999
4422,2,10,0.15
4422,3,10,0.1
4430,1,10,0.7499999999999999
4430,2,10,0.15
4430,3,10,0.1
4526,1,10,0.7499999999999999
4526,2,10,0.15
4526,3,10,0.1
4544,1,10,0.7499999999999999
4544,2,10,0.15
4544,3,10,0.1
4546,1,10,0.8823529411764706
4546,1,100,0.0
4546,1,1000,0.0
4546,2,10,0.0
4546,2,100,0.0
4546,2,1000,0.0
4546,3,10,0.1176470588235294
4546,3,100,0.0
4546,3,1000,0.0
4548,1,10,0.7499999999999999
4548,2,10,0.15
4548,3,10,0.1
4550,1,10,0.7499999999999999
4550,2,10,0.15
4550,3,10,0.1
4554,1,10,0.7499999999999999
4554,2,10,0.15
4554,3,10,0.1
4611,1,10,0.7499999999999999
4611,2,10,0.15
4611,3,10,0.1
4619,1,10,0.7499999999999999
4619,2,10,0.15
4619,3,10,0.1
4651,1,10,0.7499999999999999
4651,2,10,0.15
4651,3,10,0.1
4657,1,10,0.7499999999999999
4657,2,10,0.15
4657,3,10,0.1
4672,1,10,0.7499999999999999
4672,2,10,0.15
4672,3,10,0.1
4727,1,10,0.8823529411764706
4727,1,100,0.0
4727,1,1000,0.0
4727,2,10,0.0
4727,2,100,0.0
4727,2,1000,0.0
4727,3,10,0.1176470588235294
4727,3,100,0.0
4727,3,1000,0.0
4740,1,10,0.7499999999999999
4740,2,10,0.15
4740,3,10,0.1
4761,1,10,0.8823529411764706
4761,1,100,0.0
4761,1,1000,0.0
4761,2,10,0.0
4761,2,100,0.0
4761,2,1000,0.0
4761,3,10,0.1176470588235294
4761,3,100,0.0
4761,3,1000,0.0
4809,1,10,0.7499999999999999
4809,2,10,0.15
4809,3,10,0.1
4827,1,10,0.7499999999999999
4827,2,10,0.15
4827,3,10,0.1
4839,1,10,0.7499999999999999
4839,2,10,0.15
4839,3,10,0.1
4864,1,10,0.7499999999999999
4864,2,10,0.15
4864,3,10,0.1
4867,1,10,0.7499999999999999
4867,2,10,0.15
4867,3,10,0.1
4902,1,10,0.7499999999999999
4902,2,10,0.15
4902,3,10,0.1
4938,1,10,0.8823529411764706
4938,1,100,0.0
4938,1,1000,0.0
4938,2,10,0.0
4938,2,100,0.0
4938,2,1000,0.0
4938,3,10,0.1176470588235294
4938,3,100,0.0
4938,3,1000,0.0
4952,1,10,0.7499999999999999
4952,2,10,0.15
4952,3,10,0.1
4955,1,10,0.7499999999999999
4955,2,10,0.15
4955,3,10,0.1
4995,1,10,0.7499999999999999
4995,2,10,0.15
4995,3,10,0.1
5026,1,10,0.7499999999999999
5026,2,10,0.15
5026,3,10,0.1
5068,1,10,0.7499999999999999
5068,2,10,0.15
5068,3,10,0.1
5113,1,10,0.7499999999999999
5113,2,10,0.15
5113,3,10,0.1
5147,1,10,0.7499999999999999
5147,2,10,0.15
5147,3,10,0.1
5150,1,10,0.7499999999999999
5150,2,10,0.15
5150,3,10,0.1
5218,1,10,0.7499999999999999
5218,2,10,0.15
5218,3,10,0.1
5231,1,10,0.7499999999999999
5231,2,10,0.15
5231,3,10,0.1
5247,1,10,0.7499999999999999
5247,2,10,0.15
5247,3,10,0.1
5267,1,10,0.7499999999999999
5267,2,10,0.15
5267,3,10,0.1
5288,1,10,0.7499999999999999
5288,2,10,0.15
5288,3,10,0.1
5290,1,10,0.7499999999999999
5290,2,10,0.15
5290,3,10,0.1
5345,1,10,0.7499999999999999
5345,2,10,0.15
5345,3,10,0.1
5357,1,10,0.7499999999999999
5357,2,10,0.15
5357,3,10,0.1
5358,1,10,0.7499999999999999
5358,2,10,0.15
5358,3,10,0.1
5389,1,10,0.7499999999999999
5389,2,10,0.15
5389,3,10,0.1
5417,1,10,0.7499999999999999
5417,2,10,0.15
5417,3,10,0.1
5426,1,10,0.8823529411764706
5426,1,100,0.0
5426,1,1000,0.0
5426,2,10,0.0
5426,2,100,0.0
5426,2,1000,0.0
5426,3,10,0.1176470588235294
5426,3,100,0.0
5426,3,1000,0.0
5427,1,10,0.7499999999999999
5427,2,10,0.15
5427,3,10,0.1
5440,1,10,0.7499999999999999
5440,2,10,0.15
5440,3,10,0.1
5451,1,10,0.7499999999999999
5451,2,10,0.15
5451,3,10,0.1
5453,1,10,0.7499999999999999
5453,2,10,0.15
5453,3,10,0.1
5465,1,10,0.8823529411764706
5465,1,100,0.0
5465,1,1000,0.0
5465,2,10,0.0
5465,2,100,0.0
5465,2,1000,0.0
5465,3,10,0.1176470588235294
5465,3,100,0.0
5465,3,1000,0.0
5489,1,10,0.7499999999999999
5489,2,10,0.15
5489,3,10,0.1
5533,1,10,0.7499999999999999
5533,2,10,0.15
5533,3,10,0.1
5588,1,10,0.7499999999999999
5588,2,10,0.15
5588,3,10,0.1
5601,1,10,0.7499999999999999
5601,2,10,0.15
5601,3,10,0.1
5631,1,10,0.7499999999999999
5631,2,10,0.15
5631,3,10,0.1
5635,1,10,0.7499999999999999
5635,2,10,0.15
5635,3,10,0.1
5648,1,10,0.7499999999999999
5648,2,10,0.15
5648,3,10,0.1
5653,1,10,0.7499999999999999
5653,2,10,0.15
5653,3,10,0.1
5684,1,10,0.7499999999999999
5684,2,10,0.15
5684,3,10,0.1
5704,1,10,0.7499999999999999
5704,2,10,0.15
5704,3,10,0.1
5712,1,10,0.7499999999999999
5712,2,10,0.15
5712,3,10,0.1
5725,1,10,0.7499999999999999
5725,2,10,0.15
5725,3,10,0.1
5748,1,10,0.7499999999999999
5748,2,10,0.15
5748,3,10,0.1
5786,1,10,0.7499999999999999
5786,2,10,0.15
5786,3,10,0.1
5794,1,10,0.7499999999999999
5794,2,10,0.15
5794,3,10,0.1
5836,1,10,0.7499999999999999
5836,2,10,0.15
5836,3,10,0.1
5838,1,10,0.8823529411764706
5838,1,100,0.0
5838,1,1000,0.0
5838,2,10,0.0
5838,2,100,0.0
5838,2,1000,0.0
5838,3,10,0.1176470588235294
5838,3,100,0.0
5838,3,1000,0.0
5850,1,10,0.7499999999999999
5850,2,10,0.15
5850,3,10,0.1
5854,1,10,0.7499999999999999
5854,2,10,0.15
5854,3,10,0.1
5870,1,10,0.7499999999999999
5870,2,10,0.15
5870,3,10,0.1
5888,1,10,0.7499999999999999
5888,2,10,0.15
5888,3,10,0.1
5891,1,10,0.7499999999999999
5891,2,10,0.15
5891,3,10,0.1
5904,1,10,0.7499999999999999
5904,2,10,0.15
5904,3,10,0.1
5942,1,10,0.7499999999999999
5942,2,10,0.15
5942,3,10,0.1
5943,1,10,0.7499999999999999
5943,2,10,0.15
5943,3,10,0.1
5992,1,10,0.7499999999999999
5992,2,10,0.15
5992,3,10,0.1
5997,1,10,0.8823529411764706
5997,1,100,0.0
5997,1,1000,0.0
5997,2,10,0.0
5997,2,100,0.0
5997,2,1000,0.0
5997,3,10,0.1176470588235294
5997,3,100,0.0
5997,3,1000,0.0
6006,1,10,0.7499999999999999
6006,2,10,0.15
6006,3,10,0.1
6030,1,10,0.7499999999999999
6030,2,10,0.15
6030,3,10,0.1
6062,1,10,0.7499999999999999
6062,2,10,0.15
6062,3,10,0.1
6078,1,10,0.7499999999999999
6078,2,10,0.15
6078,3,10,0.1
6094,1,10,0.7499999999999999
6094,2,10,0.15
6094,3,10,0.1
6191,1,10,0.7499999999999999
6191,2,10,0.15
6191,3,10,0.1
6201,1,10,0.7499999999999999
6201,2,10,0.15
6201,3,10,0.1
6213,1,10,0.7499999999999999
6213,2,10,0.15
6213,3,10,0.1
6226,1,10,0.7499999999999999
6226,2,10,0.15
6226,3,10,0.1
6246,1,10,0.7499999999999999
6246,2,10,0.15
6246,3,10,0.1
6259,1,10,0.7499999999999999
6259,2,10,0.15
6259,3,10,0.1
6280,1,10,0.7499999999999999
6280,2,10,0.15
6280,3,10,0.1
6304,1,10,0.7499999999999999
6304,2,10,0.15
6304,3,10,0.1
6318,1,10,0.7499999999999999
6318,2,10,0.15
6318,3,10,0.1
6323,1,10,0.7499999999999999
6323,2,10,0.15
6323,3,10,0.1
6329,1,10,0.8823529411764706
6329,1,100,0.0
6329,1,1000,0.0
6329,2,10,0.0
6329,2,100,0.0
6329,2,1000,0.0
6329,3,10,0.1176470588235294
6329,3,100,0.0
6329,3,1000,0.0
6344,1,10,0.7499999999999999
6344,2,10,0.15
6344,3,10,0.1
6359,1,10,0.7499999999999999
6359,2,10,0.15
6359,3,10,0.1
6438,1,10,0.7499999999999999
6438,2,10,0.15
6438,3,10,0.1
6502,1,10,0.7499999999999999
6502,2,10,0.15
6502,3,10,0.1
6505,1,10,0.7499999999999999
6505,2,10,0.15
6505,3,10,0.1
6644,1,10,0.7499999999999999
6644,2,10,0.15
6644,3,10,0.1
6657,1,10,0.7499999999999999
6657,2,10,0.15
6657,3,10,0.1
6702,1,10,0.7499999999999999
6702,2,10,0.15
6702,3,10,0.1
6720,1,10,0.7499999999999999
6720,2,10,0.15
6720,3,10,0.1
6766,1,10,0.7499999999999999
6766,2,10,0.15
6766,3,10,0.1
6779,1,10,0.7499999999999999
6779,2,10,0.15
6779,3,10,0.1
6805,1,10,0.7499999999999999
6805,2,10,0.15
6805,3,10,0.1
6847,1,10,0.7499999999999999
6847,2,10,0.15
6847,3,10,0.1
6859,1,10,0.7499999999999999
6859,2,10,0.15
6859,3,10,0.1
6891,1,10,0.7499999999999999
6891,2,10,0.15
6891,3,10,0.1
6904,1,10,0.7499999999999999
6904,2,10,0.15
6904,3,10,0.1
6909,1,10,0.7499999999999999
6909,2,10,0.15
6909,3,10,0.1
6962,1,10,0.7499999999999999
6962,2,10,0.15
6962,3,10,0.1
6975,1,10,0.7499999999999999
6975,2,10,0.15
6975,3,10,0.1
7010,1,10,0.7499999999999999
7010,2,10,0.15
7010,3,10,0.1
7016,1,10,0.7499999999999999
7016,2,10,0.15
7016,3,10,0.1
7022,1,10,0.7499999999999999
7022,2,10,0.15
7022,3,10,0.1
7038,1,10,0.7499999999999999
7038,2,10,0.15
7038,3,10,0.1
7048,1,10,0.7499999999999999
7048,2,10,0.15
7048,3,10,0.1
7067,1,10,0.8823529411764706
7067,1,100,0.0
7067,1,1000,0.0
7067,2,10,0.0
7067,2,100,0.0
7067,2,1000,0.0
7067,3,10,0.1176470588235294
7067,3,100,0.0
7067,3,1000,0.0
7090,1,10,0.7499999999999999
7090,2,10,0.15
7090,3,10,0.1
7107,1,10,0.7499999999999999
7107,2,10,0.15
7107,3,10,0.1
7108,1,10,0.7499999999999999
7108,2,10,0.15
7108,3,10,0.1
7147,1,10,0.7499999999999999
7147,2,10,0.15
7147,3,10,0.1
7149,1,10,0.7499999999999999
7149,2,10,0.15
7149,3,10,0.1
7158,1,10,0.7499999999999999
7158,2,10,0.15
7158,3,10,0.1
7217,1,10,0.7499999999999999
7217,2,10,0.15
7217,3,10,0.1
7230,1,10,0.7499999999999999
7230,2,10,0.15
7230,3,10,0.1
7235,1,10,0.7499999999999999
7235,2,10,0.15
7235,3,10,0.1
7278,1,10,0.7499999999999999
7278,2,10,0.15
7278,3,10,0.1
7292,1,10,0.7499999999999999
7292,2,10,0.15
7292,3,10,0.1
7362,1,10,0.7499999999999999
7362,2,10,0.15
7362,3,10,0.1
7372,1,10,0.7499999999999999
7372,2,10,0.15
7372,3,10,0.1
7419,1,10,0.7499999999999999
7419,2,10,0.15
7419,3,10,0.1
7431,1,10,0.7499999999999999
7431,2,10,0.15
7431,3,10,0.1
7437,1,10,0.7499999999999999
7437,2,10,0.15
7437,3,10,0.1
7443,1,10,0.7499999999999999
7443,2,10,0.15
7443,3,10,0.1
7506,1,10,0.7499999999999999
7506,2,10,0.15
7506,3,10,0.1
7507,1,10,0.7499999999999999
7507,2,10,0.15
7507,3,10,0.1
7552,1,10,0.7499999999999999
7552,2,10,0.15
7552,3,10,0.1
7568,1,10,0.8823529411764706
7568,1,100,0.0
7568,1,1000,0.0
7568,2,10,0.0
7568,2,100,0.0
7568,2,1000,0.0
7568,3,10,0.1176470588235294
7568,3,100,0.0
7568,3,1000,0.0
7576,1,10,0.7499999999999999
7576,2,10,0.15
7576,3,10,0.1
7603,1,10,0.7499999999999999
7603,2,10,0.15
7603,3,10,0.1
7643,1,10,0.7499999999999999
7643,2,10,0.15
7643,3,10,0.1
7661,1,10,0.7499999999999999
7661,2,10,0.15
7661,3,10,0.1
7685,1,10,0.7499999999999999
7685,2,10,0.15
7685,3,10,0.1
7706,1,10,0.7499999999999999
7706,2,10,0.15
7706,3,10,0.1
7715,1,10,0.7499999999999999
7715,2,10,0.15
7715,3,10,0.1
7734,1,10,0.7499999999999999
7734,2,10,0.15
7734,3,10,0.1
7777,1,10,0.7499999999999999
7777,2,10,0.15
7777,3,10,0.1
7780,1,10,0.7499999999999999
7780,2,10,0.15
7780,3,10,0.1
7863,1,10,0.7499999999999999
7863,2,10,0.15
7863,3,10,0.1
7867,1,10,0.7499999999999999
7867,2,10,0.15
7867,3,10,0.1
7882,1,10,0.7499999999999999
7882,2,10,0.15
7882,3,10,0.1
7931,1,10,0.7499999999999999
7931,2,10,0.15
7931,3,10,0.1
7939,1,10,0.7499999999999999
7939,2,10,0.15
7939,3,10,0.1
7942,1,10,0.7499999999999999
7942,2,10,0.15
7942,3,10,0.1
7947,1,10,0.7499999999999999
7947,2,10,0.15
7947,3,10,0.1
7958,1,10,0.7499999999999999
7958,2,10,0.15
7958,3,10,0.1
7962,1,10,0.7499999999999999
7962,2,10,0.15
7962,3,10,0.1
8018,1,10,0.7499999999999999
8018,2,10,0.15
8018,3,10,0.1
8036,1,10,0.8823529411764706
8036,1,100,0.0
8036,1,1000,0.0
8036,2,10,0.0
8036,2,100,0.0
8036,2,1000,0.0
8036,3,10,0.1176470588235294
8036,3,100,0.0
8036,3,1000,0.0
8038,1,10,0.7499999999999999
8038,2,10,0.15
8038,3,10,0.1
8136,1,10,0.8823529411764706
8136,1,100,0.0
8136,1,1000,0.0
8136,2,10,0.0
8136,2,100,0.0
8136,2,1000,0.0
8136,3,10,0.1176470588235294
8136,3,100,0.0
8136,3,1000,0.0
8172,1,10,0.7499999999999999
8172,2,10,0.15
8172,3,10,0.1
8189,1,10,0.7499999999999999
8189,2,10,0.15
8189,3,10,0.1
8213,1,10,0.7499999999999999
8213,2,10,0.15
8213,3,10,0.1
8262,1,10,0.7499999999999999
8262,2,10,0.15
8262,3,10,0.1
8266,1,10,0.7499999999999999
8266,2,10,0.15
8266,3,10,0.1
8316,1,10,0.7499999999999999
8316,2,10,0.15
8316,3,10,0.1
8346,1,10,0.7499999999999999
8346,2,10,0.15
8346,3,10,0.1
8402,1,10,0.7499999999999999
8402,2,10,0.15
8402,3,10,0.1
8441,1,10,0.7499999999999999
8441,2,10,0.15
8441,3,10,0.1
8462,1,10,0.7499999999999999
8462,2,10,0.15
8462,3,10,0.1
8482,1,10,0.7499999999999999
8482,2,10,0.15
8482,3,10,0.1
8497,1,10,0.7499999999999999
8497,2,10,0.15
8497,3,10,0.1
8541,1,10,0.7499999999999999
8541,2,10,0.15
8541,3,10,0.1
8552,1,10,0.7499999999999999
8552,2,10,0.15
8552,3,10,0.1
8689,1,10,0.7499999999999999
8689,2,10,0.15
8689,3,10,0.1
8701,1,10,0.7499999999999999
8701,2,10,0.15
8701,3,10,0.1
8752,1,10,0.7499999999999999
8752,2,10,0.15
8752,3,10,0.1
8781,1,10,0.7499999999999999
8781,2,10,0.15
8781,3,10,0.1
8825,1,10,0.7499999999999999
8825,2,10,0.15
8825,3,10,0.1
8878,1,10,0.8823529411764706
8878,1,100,0.0
8878,1,1000,0.0
8878,2,10,0.0
8878,2,100,0.0
8878,2,1000,0.0
8878,3,10,0.1176470588235294
8878,3,100,0.0
8878,3,1000,0.0
8891,1,10,0.7499999999999999
8891,2,10,0.15
8891,3,10,0.1
8912,1,10,0.7499999999999999
8912,2,10,0.15
8912,3,10,0.1
8936,1,10,0.7499999999999999
8936,2,10,0.15
8936,3,10,0.1
8939,1,10,0.7499999999999999
8939,2,10,0.15
8939,3,10,0.1
8964,1,10,0.7499999999999999
8964,2,10,0.15
8964,3,10,0.1
8979,1,10,0.7499999999999999
8979,2,10,0.15
8979,3,10,0.1
8987,1,10,0.7499999999999999
8987,2,10,0.15
8987,3,10,0.1
8989,1,10,0.7499999999999999
8989,2,10,0.15
8989,3,10,0.1
9004,1,10,0.7499999999999999
9004,2,10,0.15
9004,3,10,0.1
9012,1,10,0.7499999999999999
9012,2,10,0.15
9012,3,10,0.1
9026,1,10,0.7499999999999999
9026,2,10,0.15
9026,3,10,0.1
9032,1,10,0.7499999999999999
9032,2,10,0.15
9032,3,10,0.1
9056,1,10,0.7499999999999999
9056,2,10,0.15
9056,3,10,0.1
9070,1,10,0.7499999999999999
9070,2,10,0.15
9070,3,10,0.1
9111,1,10,0.7499999999999999
9111,2,10,0.15
9111,3,10,0.1
9112,1,10,0.7499999999999999
9112,2,10,0.15
9112,3,10,0.1
9113,1,10,0.7499999999999999
9113,2,10,0.15
9113,3,10,0.1
9117,1,10,0.7499999999999999
9117,2,10,0.15
9117,3,10,0.1
9148,1,10,0.7499999999999999
9148,2,10,0.15
9148,3,10,0.1
9238,1,10,0.7499999999999999
9238,2,10,0.15
9238,3,10,0.1
9245,1,10,0.7499999999999999
9245,2,10,0.15
9245,3,10,0.1
9341,1,10,0.7499999999999999
9341,2,10,0.15
9341,3,10,0.1
9345,1,10,0.7499999999999999
9345,2,10,0.15
9345,3,10,0.1
9367,1,10,0.7499999999999999
9367,2,10,0.15
9367,3,10,0.1
9369,1,10,0.7499999999999999
9369,2,10,0.15
9369,3,10,0.1
9402,1,10,0.7499999999999999
9402,2,10,0.15
9402,3,10,0.1
9479,1,10,0.7499999999999999
9479,2,10,0.15
9479,3,10,0.1
9482,1,10,0.7499999999999999
9482,2,10,0.15
9482,3,10,0.1
9502,1,10,0.7499999999999999
9502,2,10,0.15
9502,3,10,0.1
9512,1,10,0.7499999999999999
9512,2,10,0.15
9512,3,10,0.1
9518,1,10,0.8823529411764706
9518,1,100,0.0
9518,1,1000,0.0
9518,2,10,0.0
9518,2,100,0.0
9518,2,1000,0.0
9518,3,10,0.1176470588235294
9518,3,100,0.0
9518,3,1000,0.0
9577,1,10,0.7499999999999999
9577,2,10,0.15
9577,3,10,0.1
9681,1,10,0.7499999999999999
9681,2,10,0.15
9681,3,10,0.1
9822,1,10,0.7499999999999999
9822,2,10,0.15
9822,3,10,0.1
9848,1,10,0.7499999999999999
9848,2,10,0.15
9848,3,10,0.1
9886,1,10,0.7499999999999999
9886,2,10,0.15
9886,3,10,0.1
9906,1,10,0.7499999999999999
9906,2,10,0.15
9906,3,10,0.1
9919,1,10,0.7499999999999999
9919,2,10,0.15
9919,3,10,0.1
9947,1,10,0.7499999999999999
9947,2,10,0.15
9947,3,10,0.1
9975,1,10,0.7499999999999999
9975,2,10,0.15
9975,3,10,0.1
9993,1,10,0.7499999999999999
9993,2,10,0.15
9993,3,10,0.1
10005,1,10,0.7499999999999999
10005,2,10,0.15
10005,3,10,0.1
10020,1,10,0.7499999999999999
10020,2,10,0.15
10020,3,10,0.1
10026,1,10,0.7499999999999999
10026,2,10,0.15
10026,3,10,0.1
10062,1,10,0.7499999999999999
10062,2,10,0.15
10062,3,10,0.1
10098,1,10,0.7499999999999999
10098,2,10,0.15
10098,3,10,0.1
10121,1,10,0.7499999999999999
10121,2,10,0.15
10121,3,10,0.1
10132,1,10,0.7499999999999999
10132,2,10,0.15
10132,3,10,0.1
10135,1,10,0.7499999999999999
10135,2,10,0.15
10135,3,10,0.1
10174,1,10,0.7499999999999999
10174,2,10,0.15
10174,3,10,0.1
10212,1,10,0.7499999999999999
10212,2,10,0.15
10212,3,10,0.1
10258,1,10,0.7499999999999999
10258,2,10,0.15
10258,3,10,0.1
10283,1,10,0.7499999999999999
10283,2,10,0.15
10283,3,10,0.1
10297,1,10,0.8823529411764706
10297,1,100,0.0
10297,1,1000,0.0
10297,2,10,0.0
10297,2,100,0.0
10297,2,1000,0.0
10297,3,10,0.1176470588235294
10297,3,100,0.0
10297,3,1000,0.0
10344,1,10,0.7499999999999999
10344,2,10,0.15
10344,3,10,0.1
10346,1,10,0.7499999999999999
10346,2,10,0.15
10346,3,10,0.1
10351,1,10,0.7499999999999999
10351,2,10,0.15
10351,3,10,0.1
10379,1,10,0.7499999999999999
10379,2,10,0.15
10379,3,10,0.1
10404,1,10,0.7499999999999999
10404,2,10,0.15
10404,3,10,0.1
10420,1,10,0.7499999999999999
10420,2,10,0.15
10420,3,10,0.1
10451,1,10,0.7499999999999999
10451,2,10,0.15
10451,3,10,0.1
10473,1,10,0.7499999999999999
10473,2,10,0.15
10473,3,10,0.1
10484,1,10,0.7499999999999999
10484,2,10,0.15
10484,3,10,0.1
10520,1,10,0.7499999999999999
10520,2,10,0.15
10520,3,10,0.1
10573,1,10,0.7499999999999999
10573,2,10,0.15
10573,3,10,0.1
10605,1,10,0.8823529411764706
10605,1,100,0.0
10605,1,1000,0.0
10605,2,10,0.0
10605,2,100,0.0
10605,2,1000,0.0
10605,3,10,0.1176470588235294
10605,3,100,0.0
10605,3,1000,0.0
10617,1,10,0.7499999999999999
10617,2,10,0.15
10617,3,10,0.1
10629,1,10,0.7499999999999999
10629,2,10,0.15
10629,3,10,0.1
10630,1,10,0.8823529411764706
10630,1,100,0.0
10630,1,1000,0.0
10630,2,10,0.0
10630,2,100,0.0
10630,2,1000,0.0
10630,3,10,0.1176470588235294
10630,3,100,0.0
10630,3,1000,0.0
10631,1,10,0.7499999999999999
10631,2,10,0.15
10631,3,10,0.1
10634,1,10,0.7499999999999999
10634,2,10,0.15
10634,3,10,0.1
10658,1,10,0.8823529411764706
10658,1,100,0.0
10658,1,1000,0.0
10658,2,10,0.0
10658,2,100,0.0
10658,2,1000,0.0
10658,3,10,0.1176470588235294
10658,3,100,0.0
10658,3,1000,0.0
10669,1,10,0.7499999999999999
10669,2,10,0.15
10669,3,10,0.1
10683,1,10,0.7499999999999999
10683,2,10,0.15
10683,3,10,0.1
10710,1,10,0.7499999999999999
10710,2,10,0.15
10710,3,10,0.1
10726,1,10,0.7499999999999999
10726,2,10,0.15
10726,3,10,0.1
10787,1,10,0.7499999999999999
10787,2,10,0.15
10787,3,10,0.1
10815,1,10,0.7499999999999999
10815,2,10,0.15
10815,3,10,0.1
10856,1,10,0.7499999999999999
10856,2,10,0.15
10856,3,10,0.1
10864,1,10,0.7499999999999999
10864,2,10,0.15
10864,3,10,0.1
10865,1,10,0.8823529411764706
10865,1,100,0.0
10865,1,1000,0.0
10865,2,10,0.0
10865,2,100,0.0
10865,2,1000,0.0
10865,3,10,0.1176470588235294
10865,3,100,0.0
10865,3,1000,0.0
10869,1,10,0.7499999999999999
10869,2,10,0.15
10869,3,10,0.1
10882,1,10,0.7499999999999999
10882,2,10,0.15
10882,3,10,0.1
10899,1,10,0.7499999999999999
10899,2,10,0.15
10899,3,10,0.1
10917,1,10,0.7499999999999999
10917,2,10,0.15
10917,3,10,0.1
10926,1,10,0.7499999999999999
10926,2,10,0.15
10926,3,10,0.1
10931,1,10,0.7499999999999999
10931,2,10,0.15
10931,3,10,0.1
10953,1,10,0.8823529411764706
10953,1,100,0.0
10953,1,1000,0.0
10953,2,10,0.0
10953,2,100,0.0
10953,2,1000,0.0
10953,3,10,0.1176470588235294
10953,3,100,0.0
10953,3,1000,0.0
10970,1,10,0.8823529411764706
10970,1,100,0.0
10970,1,1000,0.0
10970,2,10,0.0
10970,2,100,0.0
10970,2,1000,0.0
10970,3,10,0.1176470588235294
10970,3,100,0.0
10970,3,1000,0.0
11030,1,10,0.7499999999999999
11030,2,10,0.15
11030,3,10,0.1
11055,1,10,0.7499999999999999
11055,2,10,0.15
11055,3,10,0.1
11056,1,10,0.8823529411764706
11056,1,100,0.0
11056,1,1000,0.0
11056,2,10,0.0
11056,2,100,0.0
11056,2,1000,0.0
11056,3,10,0.1176470588235294
11056,3,100,0.0
11056,3,1000,0.0
11069,1,10,0.7499999999999999
11069,2,10,0.15
11069,3,10,0.1
11134,1,10,0.7499999999999999
11134,2,10,0.15
11134,3,10,0.1
11150,1,10,0.7499999999999999
11150,2,10,0.15
11150,3,10,0.1
11153,1,10,0.7499999999999999
11153,2,10,0.15
11153,3,10,0.1
11159,1,10,0.7499999999999999
11159,2,10,0.15
11159,3,10,0.1
11160,1,10,0.8823529411764706
11160,1,100,0.0
11160,1,1000,0.0
11160,2,10,0.0
11160,2,100,0.0
11160,2,1000,0.0
11160,3,10,0.1176470588235294
11160,3,100,0.0
11160,3,1000,0.0
11220,1,10,0.7499999999999999
11220,2,10,0.15
11220,3,10,0.1
11228,1,10,0.8823529411764706
11228,1,100,0.0
11228,1,1000,0.0
11228,2,10,0.0
11228,2,100,0.0
11228,2,1000,0.0
11228,3,10,0.1176470588235294
11228,3,100,0.0
11228,3,1000,0.0
11262,1,10,0.7499999999999999
11262,2,10,0.15
11262,3,10,0.1
11282,1,10,0.7499999999999999
11282,2,10,0.15
11282,3,10,0.1
11285,1,10,0.7499999999999999
11285,2,10,0.15
11285,3,10,0.1
11303,1,10,0.7499999999999999
11303,2,10,0.15
11303,3,10,0.1
11366,1,10,0.7499999999999999
11366,2,10,0.15
11366,3,10,0.1
11387,1,10,0.7499999999999999
11387,2,10,0.15
11387,3,10,0.1
11410,1,10,0.7499999999999999
11410,2,10,0.15
11410,3,10,0.1
11412,1,10,0.8823529411764706
11412,1,100,0.0
11412,1,1000,0.0
11412,2,10,0.0
11412,2,100,0.0
11412,2,1000,0.0
11412,3,10,0.1176470588235294
11412,3,100,0.0
11412,3,1000,0.0
11446,1,10,0.7499999999999999
11446,2,10,0.15
11446,3,10,0.1
11458,1,10,0.7499999999999999
11458,2,10,0.15
11458,3,10,0.1
11471,1,10,0.7499999999999999
11471,2,10,0.15
11471,3,10,0.1
11481,1,10,0.7499999999999999
11481,2,10,0.15
11481,3,10,0.1
11513,1,10,0.7499999999999999
11513,2,10,0.15
11513,3,10,0.1
11519,1,10,0.7499999999999999
11519,2,10,0.15
11519,3,10,0.1
11622,1,10,0.7499999999999999
11622,2,10,0.15
11622,3,10,0.1
11627,1,10,0.7499999999999999
11627,2,10,0.15
11627,3,10,0.1
11644,1,10,0.7499999999999999
11644,2,10,0.15
11644,3,10,0.1
11659,1,10,0.7499999999999999
11659,2,10,0.15
11659,3,10,0.1
11666,1,10,0.7499999999999999
11666,2,10,0.15
11666,3,10,0.1
11687,1,10,0.7499999999999999
11687,2,10,0.15
11687,3,10,0.1
11715,1,10,0.7499999999999999
11715,2,10,0.15
11715,3,10,0.1
11727,1,10,0.7499999999999999
11727,2,10,0.15
11727,3,10,0.1
11736,1,10,0.7499999999999999
11736,2,10,0.15
11736,3,10,0.1
11738,1,10,0.7499999999999999
11738,2,10,0.15
11738,3,10,0.1
11754,1,10,0.7499999999999999
11754,2,10,0.15
11754,3,10,0.1
11786,1,10,0.7499999999999999
11786,2,10,0.15
11786,3,10,0.1
11787,1,10,0.8823529411764706
11787,1,100,0.0
11787,1,1000,0.0
11787,2,10,0.0
11787,2,100,0.0
11787,2,1000,0.0
11787,3,10,0.1176470588235294
11787,3,100,0.0
11787,3,1000,0.0
11794,1,10,0.7499999999999999
11794,2,10,0.15
11794,3,10,0.1
11797,1,10,0.7499999999999999
11797,2,10,0.15
11797,3,10,0.1
11808,1,10,0.7499999999999999
11808,2,10,0.15
11808,3,10,0.1
11835,1,10,0.7499999999999999
11835,2,10,0.15
11835,3,10,0.1
11839,1,10,0.7499999999999999
11839,2,10,0.15
11839,3,10,0.1
11863,1,10,0.7499999999999999
11863,2,10,0.15
11863,3,10,0.1
11929,1,10,0.7499999999999999
11929,2,10,0.15
11929,3,10,0.1
11977,1,10,0.7499999999999999
11977,2,10,0.15
11977,3,10,0.1
11987,1,10,0.7499999999999999
11987,2,10,0.15
11987,3,10,0.1
11996,1,10,0.7499999999999999
11996,2,10,0.15
11996,3,10,0.1
12012,1,10,0.7499999999999999
12012,2,10,0.15
12012,3,10,0.1
12021,1,10,0.7499999999999999
12021,2,10,0.15
12021,3,10,0.1
12025,1,10,0.7499999999999999
12025,2,10,0.15
12025,3,10,0.1
12028,1,10,0.7499999999999999
12028,2,10,0.15
12028,3,10,0.1
12042,1,10,0.7499999999999999
12042,2,10,0.15
12042,3,10,0.1
12070,1,10,0.7499999999999999
12070,2,10,0.15
12070,3,10,0.1
12078,1,10,0.7499999999999999
12078,2,10,0.15
12078,3,10,0.1
12098,1,10,0.7499999999999999
12098,2,10,0.15
12098,3,10,0.1
12099,1,10,0.7499999999999999
12099,2,10,0.15
12099,3,10,0.1
12147,1,10,0.7499999999999999
12147,2,10,0.15
12147,3,10,0.1
12169,1,10,0.7499999999999999
12169,2,10,0.15
12169,3,10,0.1
12188,1,10,0.7499999999999999
12188,2,10,0.15
12188,3,10,0.1
12348,1,10,0.7499999999999999
12348,2,10,0.15
12348,3,10,0.1
12359,1,10,0.7499999999999999
12359,2,10,0.15
12359,3,10,0.1
12368,1,10,0.7499999999999999
12368,2,10,0.15
12368,3,10,0.1
12415,1,10,0.7499999999999999
12415,2,10,0.15
12415,3,10,0.1
12432,1,10,0.7499999999999999
12432,2,10,0.15
12432,3,10,0.1
12434,1,10,0.8823529411764706
12434,1,100,0.0
12434,1,1000,0.0
12434,2,10,0.0
12434,2,100,0.0
12434,2,1000,0.0
12434,3,10,0.1176470588235294
12434,3,100,0.0
12434,3,1000,0.0
12499,1,10,0.7499999999999999
12499,2,10,0.15
12499,3,10,0.1
12530,1,10,0.7499999999999999
12530,2,10,0.15
12530,3,10,0.1
12542,1,10,0.8823529411764706
12542,1,100,0.0
12542,1,1000,0.0
12542,2,10,0.0
12542,2,100,0.0
12542,2,1000,0.0
12542,3,10,0.1176470588235294
12542,3,100,0.0
12542,3,1000,0.0
12563,1,10,0.7499999999999999
12563,2,10,0.15
12563,3,10,0.1
12582,1,10,0.7499999999999999
12582,2,10,0.15
12582,3,10,0.1
12607,1,10,0.8823529411764706
12607,1,100,0.0
12607,1,1000,0.0
12607,2,10,0.0
12607,2,100,0.0
12607,2,1000,0.0
12607,3,10,0.1176470588235294
12607,3,100,0.0
12607,3,1000,0.0
12642,1,10,0.7499999999999999
12642,2,10,0.15
12642,3,10,0.1
12659,1,10,0.7499999999999999
12659,2,10,0.15
12659,3,10,0.1
12663,1,10,0.7499999999999999
12663,2,10,0.15
12663,3,10,0.1
12666,1,10,0.7499999999999999
12666,2,10,0.15
12666,3,10,0.1
12676,1,10,0.7499999999999999
12676,2,10,0.15
12676,3,10,0.1
12690,1,10,0.7499999999999999
12690,2,10,0.15
12690,3,10,0.1
12691,1,10,0.7499999999999999
12691,2,10,0.15
12691,3,10,0.1
12694,1,10,0.7499999999999999
12694,2,10,0.15
12694,3,10,0.1
12748,1,10,0.7499999999999999
12748,2,10,0.15
12748,3,10,0.1
12834,1,10,0.7499999999999999
12834,2,10,0.15
12834,3,10,0.1
12933,1,10,0.7499999999999999
12933,2,10,0.15
12933,3,10,0.1
13008,1,10,0.7499999999999999
13008,2,10,0.15
13008,3,10,0.1
13013,1,10,0.7499999999999999
13013,2,10,0.15
13013,3,10,0.1
13031,1,10,0.7499999999999999
13031,2,10,0.15
13031,3,10,0.1
13039,1,10,0.7499999999999999
13039,2,10,0.15
13039,3,10,0.1
13090,1,10,0.7499999999999999
13090,2,10,0.15
13090,3,10,0.1
13103,1,10,0.7499999999999999
13103,2,10,0.15
13103,3,10,0.1
13159,1,10,0.7499999999999999
13159,2,10,0.15
13159,3,10,0.1
13175,1,10,0.8823529411764706
13175,1,100,0.0
13175,1,1000,0.0
13175,2,10,0.0
13175,2,100,0.0
13175,2,1000,0.0
13175,3,10,0.1176470588235294
13175,3,100,0.0
13175,3,1000,0.0
13200,1,10,0.7499999999999999
13200,2,10,0.15
13200,3,10,0.1
13202,1,10,0.7499999999999999
13202,2,10,0.15
13202,3,10,0.1
13213,1,10,0.8823529411764706
13213,1,100,0.0
13213,1,1000,0.0
13213,2,10,0.0
13213,2,100,0.0
13213,2,1000,0.0
13213,3,10,0.1176470588235294
13213,3,100,0.0
13213,3,1000,0.0
13270,1,10,0.7499999999999999
13270,2,10,0.15
13270,3,10,0.1
13274,1,10,0.7499999999999999
13274,2,10,0.15
13274,3,10,0.1
13306,1,10,0.7499999999999999
13306,2,10,0.15
13306,3,10,0.1
13364,1,10,0.7499999999999999
13364,2,10,0.15
13364,3,10,0.1
13412,1,10,0.7499999999999999
13412,2,10,0.15
13412,3,10,0.1
13437,1,10,0.7499999999999999
13437,2,10,0.15
13437,3,10,0.1
13453,1,10,0.7499999999999999
13453,2,10,0.15
13453,3,10,0.1
13454,1,10,0.7499999999999999
13454,2,10,0.15
13454,3,10,0.1
13462,1,10,0.8823529411764706
13462,1,100,0.0
13462,1,1000,0.0
13462,2,10,0.0
13462,2,100,0.0
13462,2,1000,0.0
13462,3,10,0.1176470588235294
13462,3,100,0.0
13462,3,1000,0.0
13495,1,10,0.7499999999999999
13495,2,10,0.15
13495,3,10,0.1
13540,1,10,0.8823529411764706
13540,1,100,0.0
13540,1,1000,0.0
13540,2,10,0.0
13540,2,100,0.0
13540,2,1000,0.0
13540,3,10,0.1176470588235294
13540,3,100,0.0
13540,3,1000,0.0
13546,1,10,0.7499999999999999
13546,2,10,0.15
13546,3,10,0.1
13613,1,10,0.7499999999999999
13613,2,10,0.15
13613,3,10,0.1
13614,1,10,0.7499999999999999
13614,2,10,0.15
13614,3,10,0.1
13622,1,10,0.7499999999999999
13622,2,10,0.15
13622,3,10,0.1
13646,1,10,0.7499999999999999
13646,2,10,0.15
13646,3,10,0.1
13656,1,10,0.7499999999999999
13656,2,10,0.15
13656,3,10,0.1
13695,1,10,0.7499999999999999
13695,2,10,0.15
13695,3,10,0.1
13707,1,10,0.7499999999999999
13707,2,10,0.15
13707,3,10,0.1
13752,1,10,0.7499999999999999
13752,2,10,0.15
13752,3,10,0.1
13760,1,10,0.7499999999999999
13760,2,10,0.15
13760,3,10,0.1
13764,1,10,0.7499999999999999
13764,2,10,0.15
13764,3,10,0.1
13765,1,10,0.7499999999999999
13765,2,10,0.15
13765,3,10,0.1
13796,1,10,0.7499999999999999
13796,2,10,0.15
13796,3,10,0.1
13833,1,10,0.7499999999999999
13833,2,10,0.15
13833,3,10,0.1
13902,1,10,0.7499999999999999
13902,2,10,0.15
13902,3,10,0.1
13919,1,10,0.7499999999999999
13919,2,10,0.15
13919,3,10,0.1
13931,1,10,0.7499999999999999
13931,2,10,0.15
13931,3,10,0.1
13959,1,10,0.7499999999999999
13959,2,10,0.15
13959,3,10,0.1
13966,1,10,0.7499999999999999
13966,2,10,0.15
13966,3,10,0.1
14074,1,10,0.7499999999999999
14074,2,10,0.15
14074,3,10,0.1
14206,1,10,0.7499999999999999
14206,2,10,0.15
14206,3,10,0.1
14207,1,10,0.7499999999999999
14207,2,10,0.15
14207,3,10,0.1
14237,1,10,0.7499999999999999
14237,2,10,0.15
14237,3,10,0.1
14240,1,10,0.7499999999999999
14240,2,10,0.15
14240,3,10,0.1
14251,1,10,0.7499999999999999
14251,2,10,0.15
14251,3,10,0.1
14297,1,10,0.7499999999999999
14297,2,10,0.15
14297,3,10,0.1
14324,1,10,0.7499999999999999
14324,2,10,0.15
14324,3,10,0.1
14338,1,10,0.7499999999999999
14338,2,10,0.15
14338,3,10,0.1
14342,1,10,0.7499999999999999
14342,2,10,0.15
14342,3,10,0.1
14365,1,10,0.7499999999999999
14365,2,10,0.15
14365,3,10,0.1
14383,1,10,0.7499999999999999
14383,2,10,0.15
14383,3,10,0.1
14400,1,10,0.7499999999999999
14400,2,10,0.15
14400,3,10,0.1
14425,1,10,0.7499999999999999
14425,2,10,0.15
14425,3,10,0.1
14440,1,10,0.8823529411764706
14440,1,100,0.0
14440,1,1000,0.0
14440,2,10,0.0
14440,2,100,0.0
14440,2,1000,0.0
14440,3,10,0.1176470588235294
14440,3,100,0.0
14440,3,1000,0.0
14460,1,10,0.7499999999999999
14460,2,10,0.15
14460,3,10,0.1
14492,1,10,0.7499999999999999
14492,2,10,0.15
14492,3,10,0.1
14600,1,10,0.7499999999999999
14600,2,10,0.15
14600,3,10,0.1
14604,1,10,0.7499999999999999
14604,2,10,0.15
14604,3,10,0.1
14608,1,10,0.7499999999999999
14608,2,10,0.15
14608,3,10,0.1
14623,1,10,0.7499999999999999
14623,2,10,0.15
14623,3,10,0.1
14639,1,10,0.7499999999999999
14639,2,10,0.15
14639,3,10,0.1
14645,1,10,0.7499999999999999
14645,2,10,0.15
14645,3,10,0.1
14655,1,10,0.7499999999999999
14655,2,10,0.15
14655,3,10,0.1
14697,1,10,0.7499999999999999
14697,2,10,0.15
14697,3,10,0.1
14698,1,10,0.7499999999999999
14698,2,10,0.15
14698,3,10,0.1
14702,1,10,0.7499999999999999
14702,2,10,0.15
14702,3,10,0.1
14722,1,10,0.7499999999999999
14722,2,10,0.15
14722,3,10,0.1
14726,1,10,0.7499999999999999
14726,2,10,0.15
14726,3,10,0.1
14730,1,10,0.7499999999999999
14730,2,10,0.15
14730,3,10,0.1
14755,1,10,0.7499999999999999
14755,2,10,0.15
14755,3,10,0.1
14825,1,10,0.7499999999999999
14825,2,10,0.15
14825,3,10,0.1
14855,1,10,0.7499999999999999
14855,2,10,0.15
14855,3,10,0.1
14868,1,10,0.7499999999999999
14868,2,10,0.15
14868,3,10,0.1
14870,1,10,0.7499999999999999
14870,2,10,0.15
14870,3,10,0.1
14872,1,10,0.7499999999999999
14872,2,10,0.15
14872,3,10,0.1
14900,1,10,0.7499999999999999
14900,2,10,0.15
14900,3,10,0.1
14905,1,10,0.7499999999999999
14905,2,10,0.15
14905,3,10,0.1
14950,1,10,0.7499999999999999
14950,2,10,0.15
14950,3,10,0.1
14973,1,10,0.7499999999999999
14973,2,10,0.15
14973,3,10,0.1
14995,1,10,0.8823529411764706
14995,1,100,0.0
14995,1,1000,0.0
14995,2,10,0.0
14995,2,100,0.0
14995,2,1000,0.0
14995,3,10,0.1176470588235294
14995,3,100,0.0
14995,3,1000,0.0
15003,1,10,0.7499999999999999
15003,2,10,0.15
15003,3,10,0.1
15007,1,10,0.7499999999999999
15007,2,10,0.15
15007,3,10,0.1
15011,1,10,0.7499999999999999
15011,2,10,0.15
15011,3,10,0.1
15056,1,10,0.8823529411764706
15056,1,100,0.0
15056,1,1000,0.0
15056,2,10,0.0
15056,2,100,0.0
15056,2,1000,0.0
15056,3,10,0.1176470588235294
15056,3,100,0.0
15056,3,1000,0.0
15062,1,10,0.7499999999999999
15062,2,10,0.15
15062,3,10,0.1
15072,1,10,0.7499999999999999
15072,2,10,0.15
15072,3,10,0.1
15073,1,10,0.7499999999999999
15073,2,10,0.15
15073,3,10,0.1
15126,1,10,0.7499999999999999
15126,2,10,0.15
15126,3,10,0.1
15203,1,10,0.7499999999999999
15203,2,10,0.15
15203,3,10,0.1
15211,1,10,0.7499999999999999
15211,2,10,0.15
15211,3,10,0.1
15229,1,10,0.7499999999999999
15229,2,10,0.15
15229,3,10,0.1
15237,1,10,0.7499999999999999
15237,2,10,0.15
15237,3,10,0.1
15266,1,10,0.7499999999999999
15266,2,10,0.15
15266,3,10,0.1
15291,1,10,0.7499999999999999
15291,2,10,0.15
15291,3,10,0.1
15298,1,10,0.7499999999999999
15298,2,10,0.15
15298,3,10,0.1
15307,1,10,0.7499999999999999
15307,2,10,0.15
15307,3,10,0.1
15331,1,10,0.8823529411764706
15331,1,100,0.0
15331,1,1000,0.0
15331,2,10,0.0
15331,2,100,0.0
15331,2,1000,0.0
15331,3,10,0.1176470588235294
15331,3,100,0.0
15331,3,1000,0.0
15375,1,10,0.7499999999999999
15375,2,10,0.15
15375,3,10,0.1
15378,1,10,0.7499999999999999
15378,2,10,0.15
15378,3,10,0.1
15405,1,10,0.8823529411764706
15405,1,100,0.0
15405,1,1000,0.0
15405,2,10,0.0
15405,2,100,0.0
15405,2,1000,0.0
15405,3,10,0.1176470588235294
15405,3,100,0.0
15405,3,1000,0.0
15409,1,10,0.7499999999999999
15409,2,10,0.15
15409,3,10,0.1
15420,1,10,0.7499999999999999
15420,2,10,0.15
15420,3,10,0.1
15448,1,10,0.7499999999999999
15448,2,10,0.15
15448,3,10,0.1
15486,1,10,0.7499999999999999
15486,2,10,0.15
15486,3,10,0.1
15502,1,10,0.8823529411764706
15502,1,100,0.0
15502,1,1000,0.0
15502,2,10,0.0
15502,2,100,0.0
15502,2,1000,0.0
15502,3,10,0.1176470588235294
15502,3,100,0.0
15502,3,1000,0.0
15527,1,10,0.7499999999999999
15527,2,10,0.15
15527,3,10,0.1
15596,1,10,0.7499999999999999
15596,2,10,0.15
15596,3,10,0.1
15603,1,10,0.7499999999999999
15603,2,10,0.15
15603,3,10,0.1
15610,1,10,0.7499999999999999
15610,2,10,0.15
15610,3,10,0.1
15618,1,10,0.8823529411764706
15618,1,100,0.0
15618,1,1000,0.0
15618,2,10,0.0
15618,2,100,0.0
15618,2,1000,0.0
15618,3,10,0.1176470588235294
15618,3,100,0.0
15618,3,1000,0.0
15628,1,10,0.7499999999999999
15628,2,10,0.15
15628,3,10,0.1
15635,1,10,0.7499999999999999
15635,2,10,0.15
15635,3,10,0.1
15673,1,10,0.7499999999999999
15673,2,10,0.15
15673,3,10,0.1
15684,1,10,0.7499999999999999
15684,2,10,0.15
15684,3,10,0.1
15685,1,10,0.7499999999999999
15685,2,10,0.15
15685,3,10,0.1
15696,1,10,0.7499999999999999
15696,2,10,0.15
15696,3,10,0.1
15717,1,10,0.7499999999999999
15717,2,10,0.15
15717,3,10,0.1
15726,1,10,0.7499999999999999
15726,2,10,0.15
15726,3,10,0.1
15761,1,10,0.7499999999999999
15761,2,10,0.15
15761,3,10,0.1
15776,1,10,0.7499999999999999
15776,2,10,0.15
15776,3,10,0.1
15778,1,10,0.7499999999999999
15778,2,10,0.15
15778,3,10,0.1
15807,1,10,0.7499999999999999
15807,2,10,0.15
15807,3,10,0.1
15871,1,10,0.7499999999999999
15871,2,10,0.15
15871,3,10,0.1
15907,1,10,0.7499999999999999
15907,2,10,0.15
15907,3,10,0.1
15911,1,10,0.7499999999999999
15911,2,10,0.15
15911,3,10,0.1
15946,1,10,0.7499999999999999
15946,2,10,0.15
15946,3,10,0.1
15948,1,10,0.7499999999999999
15948,2,10,0.15
15948,3,10,0.1
15951,1,10,0.7499999999999999
15951,2,10,0.15
15951,3,10,0.1
15962,1,10,0.7499999999999999
15962,2,10,0.15
15962,3,10,0.1
15974,1,10,0.7499999999999999
15974,2,10,0.15
15974,3,10,0.1
16006,1,10,0.7499999999999999
16006,2,10,0.15
16006,3,10,0.1
16027,1,10,0.7499999999999999
16027,2,10,0.15
16027,3,10,0.1
16052,1,10,0.7499999999999999
16052,2,10,0.15
16052,3,10,0.1
16096,1,10,0.7499999999999999
16096,2,10,0.15
16096,3,10,0.1
16110,1,10,0.7499999999999999
16110,2,10,0.15
16110,3,10,0.1
16118,1,10,0.7499999999999999
16118,2,10,0.15
16118,3,10,0.1
16133,1,10,0.7499999999999999
16133,2,10,0.15
16133,3,10,0.1
16162,1,10,0.7499999999999999
16162,2,10,0.15
16162,3,10,0.1
16164,1,10,0.7499999999999999
16164,2,10,0.15
16164,3,10,0.1
16179,1,10,0.7499999999999999
16179,2,10,0.15
16179,3,10,0.1
16215,1,10,0.7499999999999999
16215,2,10,0.15
16215,3,10,0.1
16233,1,10,0.7499999999999999
16233,2,10,0.15
16233,3,10,0.1
16251,1,10,0.7499999999999999
16251,2,10,0.15
16251,3,10,0.1
16269,1,10,0.7499999999999999
16269,2,10,0.15
16269,3,10,0.1
16310,1,10,0.7499999999999999
16310,2,10,0.15
16310,3,10,0.1
16339,1,10,0.7499999999999999
16339,2,10,0.15
16339,3,10,0.1
16347,1,10,0.7499999999999999
16347,2,10,0.15
16347,3,10,0.1
16392,1,10,0.7499999999999999
16392,2,10,0.15
16392,3,10,0.1
16396,1,10,0.7499999999999999
16396,2,10,0.15
16396,3,10,0.1
16416,1,10,0.8823529411764706
16416,1,100,0.0
16416,1,1000,0.0
16416,2,10,0.0
16416,2,100,0.0
16416,2,1000,0.0
16416,3,10,0.1176470588235294
16416,3,100,0.0
16416,3,1000,0.0
16512,1,10,0.7499999999999999
16512,2,10,0.15
16512,3,10,0.1
16519,1,10,0.7499999999999999
16519,2,10,0.15
16519,3,10,0.1
16525,1,10,0.7499999999999999
16525,2,10,0.15
16525,3,10,0.1
16596,1,10,0.7499999999999999
16596,2,10,0.15
16596,3,10,0.1
16604,1,10,0.7499999999999999
16604,2,10,0.15
16604,3,10,0.1
16615,1,10,0.7499999999999999
16615,2,10,0.15
16615,3,10,0.1
16621,1,10,0.7499999999999999
16621,2,10,0.15
16621,3,10,0.1
16639,1,10,0.7499999999999999
16639,2,10,0.15
16639,3,10,0.1
16641,1,10,0.7499999999999999
16641,2,10,0.15
16641,3,10,0.1
16667,1,10,0.7499999999999999
16667,2,10,0.15
16667,3,10,0.1
16678,1,10,0.7499999999999999
16678,2,10,0.15
16678,3,10,0.1
16723,1,10,0.7499999999999999
16723,2,10,0.15
16723,3,10,0.1
16757,1,10,0.7499999999999999
16757,2,10,0.15
16757,3,10,0.1
16790,1,10,0.7499999999999999
16790,2,10,0.15
16790,3,10,0.1
16809,1,10,0.8823529411764706
16809,1,100,0.0
16809,1,1000,0.0
16809,2,10,0.0
16809,2,100,0.0
16809,2,1000,0.0
16809,3,10,0.1176470588235294
16809,3,100,0.0
16809,3,1000,0.0
16824,1,10,0.7499999999999999
16824,2,10,0.15
16824,3,10,0.1
16826,1,10,0.7499999999999999
16826,2,10,0.15
16826,3,10,0.1
16842,1,10,0.7499999999999999
16842,2,10,0.15
16842,3,10,0.1
16950,1,10,0.7499999999999999
16950,2,10,0.15
16950,3,10,0.1
16962,1,10,0.7499999999999999
16962,2,10,0.15
16962,3,10,0.1
16969,1,10,0.7499999999999999
16969,2,10,0.15
16969,3,10,0.1
17015,1,10,0.7499999999999999
17015,2,10,0.15
17015,3,10,0.1
17063,1,10,0.7499999999999999
17063,2,10,0.15
17063,3,10,0.1
17090,1,10,0.7499999999999999
17090,2,10,0.15
17090,3,10,0.1
17105,1,10,0.7499999999999999
17105,2,10,0.15
17105,3,10,0.1
17110,1,10,0.7499999999999999
17110,2,10,0.15
17110,3,10,0.1
17114,1,10,0.7499999999999999
17114,2,10,0.15
17114,3,10,0.1
17170,1,10,0.7499999999999999
17170,2,10,0.15
17170,3,10,0.1
17213,1,10,0.7499999999999999
17213,2,10,0.15
17213,3,10,0.1
17221,1,10,0.7499999999999999
17221,2,10,0.15
17221,3,10,0.1
17224,1,10,0.7499999999999999
17224,2,10,0.15
17224,3,10,0.1
17227,1,10,0.7499999999999999
17227,2,10,0.15
17227,3,10,0.1
17231,1,10,0.7499999999999999
17231,2,10,0.15
17231,3,10,0.1
17243,1,10,0.7499999999999999
17243,2,10,0.15
17243,3,10,0.1
17261,1,10,0.7499999999999999
17261,2,10,0.15
17261,3,10,0.1
17280,1,10,0.7499999999999999
17280,2,10,0.15
17280,3,10,0.1
17338,1,10,0.7499999999999999
17338,2,10,0.15
17338,3,10,0.1
17358,1,10,0.7499999999999999
17358,2,10,0.15
17358,3,10,0.1
17374,1,10,0.7499999999999999
17374,2,10,0.15
17374,3,10,0.1
17416,1,10,0.7499999999999999
17416,2,10,0.15
17416,3,10,0.1
17421,1,10,0.7499999999999999
17421,2,10,0.15
17421,3,10,0.1
17459,1,10,0.7499999999999999
17459,2,10,0.15
17459,3,10,0.1
17462,1,10,0.7499999999999999
17462,2,10,0.15
17462,3,10,0.1
17482,1,10,0.7499999999999999
17482,2,10,0.15
17482,3,10,0.1
17493,1,10,0.7499999999999999
17493,2,10,0.15
17493,3,10,0.1
17497,1,10,0.7499999999999999
17497,2,10,0.15
17497,3,10,0.1
17565,1,10,0.7499999999999999
17565,2,10,0.15
17565,3,10,0.1
17573,1,10,0.8823529411764706
17573,1,100,0.0
17573,1,1000,0.0
17573,2,10,0.0
17573,2,100,0.0
17573,2,1000,0.0
17573,3,10,0.1176470588235294
17573,3,100,0.0
17573,3,1000,0.0
17575,1,10,0.8823529411764706
17575,1,100,0.0
17575,1,1000,0.0
17575,2,10,0.0
17575,2,100,0.0
17575,2,1000,0.0
17575,3,10,0.1176470588235294
17575,3,100,0.0
17575,3,1000,0.0
17658,1,10,0.7499999999999999
17658,2,10,0.15
17658,3,10,0.1
17665,1,10,0.7499999999999999
17665,2,10,0.15
17665,3,10,0.1
17668,1,10,0.7499999999999999
17668,2,10,0.15
17668,3,10,0.1
17672,1,10,0.7499999999999999
17672,2,10,0.15
17672,3,10,0.1
17683,1,10,0.7499999999999999
17683,2,10,0.15
17683,3,10,0.1
17731,1,10,0.7499999999999999
17731,2,10,0.15
17731,3,10,0.1
17791,1,10,0.7499999999999999
17791,2,10,0.15
17791,3,10,0.1
17819,1,10,0.7499999999999999
17819,2,10,0.15
17819,3,10,0.1
17841,1,10,0.8823529411764706
17841,1,100,0.0
17841,1,1000,0.0
17841,2,10,0.0
17841,2,100,0.0
17841,2,1000,0.0
17841,3,10,0.1176470588235294
17841,3,100,0.0
17841,3,1000,0.0
17850,1,10,0.7499999999999999
17850,2,10,0.15
17850,3,10,0.1
17858,1,10,0.7499999999999999
17858,2,10,0.15
17858,3,10,0.1
17904,1,10,0.7499999999999999
17904,2,10,0.15
17904,3,10,0.1
17953,1,10,0.7499999999999999
17953,2,10,0.15
17953,3,10,0.1
17982,1,10,0.7499999999999999
17982,2,10,0.15
17982,3,10,0.1
18030,1,10,0.7499999999999999
18030,2,10,0.15
18030,3,10,0.1
18042,1,10,0.7499999999999999
18042,2,10,0.15
18042,3,10,0.1
18059,1,10,0.7499999999999999
18059,2,10,0.15
18059,3,10,0.1
18060,1,10,0.7499999999999999
18060,2,10,0.15
18060,3,10,0.1
18089,1,10,0.8823529411764706
18089,1,100,0.0
18089,1,1000,0.0
18089,2,10,0.0
18089,2,100,0.0
18089,2,1000,0.0
18089,3,10,0.1176470588235294
18089,3,100,0.0
18089,3,1000,0.0
18094,1,10,0.7499999999999999
18094,2,10,0.15
18094,3,10,0.1
18117,1,10,0.7499999999999999
18117,2,10,0.15
18117,3,10,0.1
18152,1,10,0.7499999999999999
18152,2,10,0.15
18152,3,10,0.1
18205,1,10,0.7499999999999999
18205,2,10,0.15
18205,3,10,0.1
18206,1,10,0.7499999999999999
18206,2,10,0.15
18206,3,10,0.1
18290,1,10,0.8823529411764706
18290,1,100,0.0
18290,1,1000,0.0
18290,2,10,0.0
18290,2,100,0.0
18290,2,1000,0.0
18290,3,10,0.1176470588235294
18290,3,100,0.0
18290,3,1000,0.0
18320,1,10,0.7499999999999999
18320,2,10,0.15
18320,3,10,0.1
18324,1,10,0.7499999999999999
18324,2,10,0.15
18324,3,10,0.1
18332,1,10,0.7499999999999999
18332,2,10,0.15
18332,3,10,0.1
18347,1,10,0.7499999999999999
18347,2,10,0.15
18347,3,10,0.1
18426,1,10,0.7499999999999999
18426,2,10,0.15
18426,3,10,0.1
18464,1,10,0.7499999999999999
18464,2,10,0.15
18464,3,10,0.1
18491,1,10,0.7499999999999999
18491,2,10,0.15
18491,3,10,0.1
18528,1,10,0.7499999999999999
18528,2,10,0.15
18528,3,10,0.1
18569,1,10,0.8823529411764706
18569,1,100,0.0
18569,1,1000,0.0
18569,2,10,0.0
18569,2,100,0.0
18569,2,1000,0.0
18569,3,10,0.1176470588235294
18569,3,100,0.0
18569,3,1000,0.0
18581,1,10,0.7499999999999999
18581,2,10,0.15
18581,3,10,0.1
18624,1,10,0.7499999999999999
18624,2,10,0.15
18624,3,10,0.1
18634,1,10,0.7499999999999999
18634,2,10,0.15
18634,3,10,0.1
18670,1,10,0.7499999999999999
18670,2,10,0.15
18670,3,10,0.1
18732,1,10,0.7499999999999999
18732,2,10,0.15
18732,3,10,0.1
18762,1,10,0.8823529411764706
18762,1,100,0.0
18762,1,1000,0.0
18762,2,10,0.0
18762,2,100,0.0
18762,2,1000,0.0
18762,3,10,0.1176470588235294
18762,3,100,0.0
18762,3,1000,0.0
18772,1,10,0.7499999999999999
18772,2,10,0.15
18772,3,10,0.1
18806,1,10,0.7499999999999999
18806,2,10,0.15
18806,3,10,0.1
18815,1,10,0.8823529411764706
18815,1,100,0.0
18815,1,1000,0.0
18815,2,10,0.0
18815,2,100,0.0
18815,2,1000,0.0
18815,3,10,0.1176470588235294
18815,3,100,0.0
18815,3,1000,0.0
18832,1,10,0.8823529411764706
18832,1,100,0.0
18832,1,1000,0.0
18832,2,10,0.0
18832,2,100,0.0
18832,2,1000,0.0
18832,3,10,0.1176470588235294
18832,3,100,0.0
18832,3,1000,0.0
18848,1,10,0.8823529411764706
18848,1,100,0.0
18848,1,1000,0.0
18848,2,10,0.0
18848,2,100,0.0
18848,2,1000,0.0
18848,3,10,0.1176470588235294
18848,3,100,0.0
18848,3,1000,0.0
18859,1,10,0.8823529411764706
18859,1,100,0.0
18859,1,1000,0.0
18859,2,10,0.0
18859,2,100,0.0
18859,2,1000,0.0
18859,3,10,0.1176470588235294
18859,3,100,0.0
18859,3,1000,0.0
18894,1,10,0.7499999999999999
18894,2,10,0.15
18894,3,10,0.1
18928,1,10,0.7499999999999999
18928,2,10,0.15
18928,3,10,0.1
18935,1,10,0.7499999999999999
18935,2,10,0.15
18935,3,10,0.1
18944,1,10,0.7499999999999999
18944,2,10,0.15
18944,3,10,0.1
19033,1,10,0.7499999999999999
19033,2,10,0.15
19033,3,10,0.1
19106,1,10,0.7499999999999999
19106,2,10,0.15
19106,3,10,0.1
19121,1,10,0.7499999999999999
19121,2,10,0.15
19121,3,10,0.1
19124,1,10,0.7499999999999999
19124,2,10,0.15
19124,3,10,0.1
19129,1,10,0.7499999999999999
19129,2,10,0.15
19129,3,10,0.1
19177,1,10,0.7499999999999999
19177,2,10,0.15
19177,3,10,0.1
19182,1,10,0.7499999999999999
19182,2,10,0.15
19182,3,10,0.1
19198,1,10,0.7499999999999999
19198,2,10,0.15
19198,3,10,0.1
19200,1,10,0.8823529411764706
19200,1,100,0.0
19200,1,1000,0.0
19200,2,10,0.0
19200,2,100,0.0
19200,2,1000,0.0
19200,3,10,0.1176470588235294
19200,3,100,0.0
19200,3,1000,0.0
19216,1,10,0.7499999999999999
19216,2,10,0.15
19216,3,10,0.1
19226,1,10,0.7499999999999999
19226,2,10,0.15
19226,3,10,0.1
19235,1,10,0.7499999999999999
19235,2,10,0.15
19235,3,10,0.1
19301,1,10,0.7499999999999999
19301,2,10,0.15
19301,3,10,0.1
19312,1,10,0.7499999999999999
19312,2,10,0.15
19312,3,10,0.1
19341,1,10,0.7499999999999999
19341,2,10,0.15
19341,3,10,0.1
19374,1,10,0.7499999999999999
19374,2,10,0.15
19374,3,10,0.1
19386,1,10,0.7499999999999999
19386,2,10,0.15
19386,3,10,0.1
19414,1,10,0.7499999999999999
19414,2,10,0.15
19414,3,10,0.1
19417,1,10,0.7499999999999999
19417,2,10,0.15
19417,3,10,0.1
19522,1,10,0.7499999999999999
19522,2,10,0.15
19522,3,10,0.1
19548,1,10,0.7499999999999999
19548,2,10,0.15
19548,3,10,0.1
19549,1,10,0.7499999999999999
19549,2,10,0.15
19549,3,10,0.1
19589,1,10,0.7499999999999999
19589,2,10,0.15
19589,3,10,0.1
19603,1,10,0.7499999999999999
19603,2,10,0.15
19603,3,10,0.1
19619,1,10,0.7499999999999999
19619,2,10,0.15
19619,3,10,0.1
19702,1,10,0.7499999999999999
19702,2,10,0.15
19702,3,10,0.1
19715,1,10,0.7499999999999999
19715,2,10,0.15
19715,3,10,0.1
19762,1,10,0.8823529411764706
19762,1,100,0.0
19762,1,1000,0.0
19762,2,10,0.0
19762,2,100,0.0
19762,2,1000,0.0
19762,3,10,0.1176470588235294
19762,3,100,0.0
19762,3,1000,0.0
19780,1,10,0.7499999999999999
19780,2,10,0.15
19780,3,10,0.1
19806,1,10,0.7499999999999999
19806,2,10,0.15
19806,3,10,0.1
19816,1,10,0.7499999999999999
19816,2,10,0.15
19816,3,10,0.1
19831,1,10,0.7499999999999999
19831,2,10,0.15
19831,3,10,0.1
19857,1,10,0.7499999999999999
19857,2,10,0.15
19857,3,10,0.1
19863,1,10,0.7499999999999999
19863,2,10,0.15
19863,3,10,0.1
19908,1,10,0.7499999999999999
19908,2,10,0.15
19908,3,10,0.1
19934,1,10,0.7499999999999999
19934,2,10,0.15
19934,3,10,0.1
19958,1,10,0.7499999999999999
19958,2,10,0.15
19958,3,10,0.1
19980,1,10,0.7499999999999999
19980,2,10,0.15
19980,3,10,0.1
19998,1,10,0.7499999999999999
19998,2,10,0.15
19998,3,10,0.1
20010,1,10,0.8823529411764706
20010,1,100,0.0
20010,1,1000,0.0
20010,2,10,0.0
20010,2,100,0.0
20010,2,1000,0.0
20010,3,10,0.1176470588235294
20010,3,100,0.0
20010,3,1000,0.0
20036,1,10,0.7499999999999999
20036,2,10,0.15
20036,3,10,0.1
20067,1,10,0.7499999999999999
20067,2,10,0.15
20067,3,10,0.1
20074,1,10,0.7499999999999999
20074,2,10,0.15
20074,3,10,0.1
20143,1,10,0.7499999999999999
20143,2,10,0.15
20143,3,10,0.1
20158,1,10,0.7499999999999999
20158,2,10,0.15
20158,3,10,0.1
20173,1,10,0.7499999999999999
20173,2,10,0.15
20173,3,10,0.1
20186,1,10,0.7499999999999999
20186,2,10,0.15
20186,3,10,0.1
20192,1,10,0.7499999999999999
20192,2,10,0.15
20192,3,10,0.1
20210,1,10,0.7499999999999999
20210,2,10,0.15
20210,3,10,0.1
20215,1,10,0.7499999999999999
20215,2,10,0.15
20215,3,10,0.1
20253,1,10,0.7499999999999999
20253,2,10,0.15
20253,3,10,0.1
20301,1,10,0.7499999999999999
20301,2,10,0.15
20301,3,10,0.1
20320,1,10,0.7499999999999999
20320,2,10,0.15
20320,3,10,0.1
20369,1,10,0.8823529411764706
20369,1,100,0.0
20369,1,1000,0.0
20369,2,10,0.0
20369,2,100,0.0
20369,2,1000,0.0
20369,3,10,0.1176470588235294
20369,3,100,0.0
20369,3,1000,0.0
20382,1,10,0.7499999999999999
20382,2,10,0.15
20382,3,10,0.1
20396,1,10,0.7499999999999999
20396,2,10,0.15
20396,3,10,0.1
20449,1,10,0.7499999999999999
20449,2,10,0.15
20449,3,10,0.1
20473,1,10,0.8823529411764706
20473,1,100,0.0
20473,1,1000,0.0
20473,2,10,0.0
20473,2,100,0.0
20473,2,1000,0.0
20473,3,10,0.1176470588235294
20473,3,100,0.0
20473,3,1000,0.0
20492,1,10,0.8823529411764706
20492,1,100,0.0
20492,1,1000,0.0
20492,2,10,0.0
20492,2,100,0.0
20492,2,1000,0.0
20492,3,10,0.1176470588235294
20492,3,100,0.0
20492,3,1000,0.0
20503,1,10,0.7499999999999999
20503,2,10,0.15
20503,3,10,0.1
20513,1,10,0.7499999999999999
20513,2,10,0.15
20513,3,10,0.1
20550,1,10,0.7499999999999999
20550,2,10,0.15
20550,3,10,0.1
20570,1,10,0.7499999999999999
20570,2,10,0.15
20570,3,10,0.1
20593,1,10,0.7499999999999999
20593,2,10,0.15
20593,3,10,0.1
20599,1,10,0.7499999999999999
20599,2,10,0.15
20599,3,10,0.1
20603,1,10,0.7499999999999999
20603,2,10,0.15
20603,3,10,0.1
20606,1,10,0.7499999999999999
20606,2,10,0.15
20606,3,10,0.1
20607,1,10,0.7499999999999999
20607,2,10,0.15
20607,3,10,0.1
20639,1,10,0.7499999999999999
20639,2,10,0.15
20639,3,10,0.1
20676,1,10,0.7499999999999999
20676,2,10,0.15
20676,3,10,0.1
20682,1,10,0.7499999999999999
20682,2,10,0.15
20682,3,10,0.1
20712,1,10,0.7499999999999999
20712,2,10,0.15
20712,3,10,0.1
20713,1,10,0.7499999999999999
20713,2,10,0.15
20713,3,10,0.1
20796,1,10,0.7499999999999999
20796,2,10,0.15
20796,3,10,0.1
20805,1,10,0.7499999999999999
20805,2,10,0.15
20805,3,10,0.1
20807,1,10,0.7499999999999999
20807,2,10,0.15
20807,3,10,0.1
20822,1,10,0.7499999999999999
20822,2,10,0.15
20822,3,10,0.1
20840,1,10,0.7499999999999999
20840,2,10,0.15
20840,3,10,0.1
20848,1,10,0.7499999999999999
20848,2,10,0.15
20848,3,10,0.1
20898,1,10,0.7499999999999999
20898,2,10,0.15
20898,3,10,0.1
21009,1,10,0.7499999999999999
21009,2,10,0.15
21009,3,10,0.1
21017,1,10,0.7499999999999999
21017,2,10,0.15
21017,3,10,0.1
21042,1,10,0.7499999999999999
21042,2,10,0.15
21042,3,10,0.1
21080,1,10,0.7499999999999999
21080,2,10,0.15
21080,3,10,0.1
21098,1,10,0.7499999999999999
21098,2,10,0.15
21098,3,10,0.1
21117,1,10,0.7499999999999999
21117,2,10,0.15
21117,3,10,0.1
21120,1,10,0.7499999999999999
21120,2,10,0.15
21120,3,10,0.1
21149,1,10,0.7499999999999999
21149,2,10,0.15
21149,3,10,0.1
21187,1,10,0.8823529411764706
21187,1,100,0.0
21187,1,1000,0.0
21187,2,10,0.0
21187,2,100,0.0
21187,2,1000,0.0
21187,3,10,0.1176470588235294
21187,3,100,0.0
21187,3,1000,0.0
21191,1,10,0.7499999999999999
21191,2,10,0.15
21191,3,10,0.1
21197,1,10,0.7499999999999999
21197,2,10,0.15
21197,3,10,0.1
21238,1,10,0.7499999999999999
21238,2,10,0.15
21238,3,10,0.1
21244,1,10,0.7499999999999999
21244,2,10,0.15
21244,3,10,0.1
21249,1,10,0.7499999999999999
21249,2,10,0.15
21249,3,10,0.1
21273,1,10,0.7499999999999999
21273,2,10,0.15
21273,3,10,0.1
21283,1,10,0.7499999999999999
21283,2,10,0.15
21283,3,10,0.1
21382,1,10,0.7499999999999999
21382,2,10,0.15
21382,3,10,0.1
21389,1,10,0.8823529411764706
21389,1,100,0.0
21389,1,1000,0.0
21389,2,10,0.0
21389,2,100,0.0
21389,2,1000,0.0
21389,3,10,0.1176470588235294
21389,3,100,0.0
21389,3,1000,0.0
21424,1,10,0.7499999999999999
21424,2,10,0.15
21424,3,10,0.1
21483,1,10,0.7499999999999999
21483,2,10,0.15
21483,3,10,0.1
21495,1,10,0.8823529411764706
21495,1,100,0.0
21495,1,1000,0.0
21495,2,10,0.0
21495,2,100,0.0
21495,2,1000,0.0
21495,3,10,0.1176470588235294
21495,3,100,0.0
21495,3,1000,0.0
21516,1,10,0.7499999999999999
21516,2,10,0.15
21516,3,10,0.1
21520,1,10,0.7499999999999999
21520,2,10,0.15
21520,3,10,0.1
21590,1,10,0.7499999999999999
21590,2,10,0.15
21590,3,10,0.1
21597,1,10,0.7499999999999999
21597,2,10,0.15
21597,3,10,0.1
21606,1,10,0.7499999999999999
21606,2,10,0.15
21606,3,10,0.1
21622,1,10,0.7499999999999999
21622,2,10,0.15
21622,3,10,0.1
21625,1,10,0.7499999999999999
21625,2,10,0.15
21625,3,10,0.1
21664,1,10,0.7499999999999999
21664,2,10,0.15
21664,3,10,0.1
21666,1,10,0.8823529411764706
21666,1,100,0.0
21666,1,1000,0.0
21666,2,10,0.0
21666,2,100,0.0
21666,2,1000,0.0
21666,3,10,0.1176470588235294
21666,3,100,0.0
21666,3,1000,0.0
21670,1,10,0.7499999999999999
21670,2,10,0.15
21670,3,10,0.1
21697,1,10,0.7499999999999999
21697,2,10,0.15
21697,3,10,0.1
21718,1,10,0.7499999999999999
21718,2,10,0.15
21718,3,10,0.1
21727,1,10,0.7499999999999999
21727,2,10,0.15
21727,3,10,0.1
21741,1,10,0.7499999999999999
21741,2,10,0.15
21741,3,10,0.1
21784,1,10,0.7499999999999999
21784,2,10,0.15
21784,3,10,0.1
21798,1,10,0.7499999999999999
21798,2,10,0.15
21798,3,10,0.1
21804,1,10,0.7499999999999999
21804,2,10,0.15
21804,3,10,0.1
21821,1,10,0.8823529411764706
21821,1,100,0.0
21821,1,1000,0.0
21821,2,10,0.0
21821,2,100,0.0
21821,2,1000,0.0
21821,3,10,0.1176470588235294
21821,3,100,0.0
21821,3,1000,0.0
21893,1,10,0.7499999999999999
21893,2,10,0.15
21893,3,10,0.1
21897,1,10,0.7499999999999999
21897,2,10,0.15
21897,3,10,0.1
21908,1,10,0.7499999999999999
21908,2,10,0.15
21908,3,10,0.1
21956,1,10,0.7499999999999999
21956,2,10,0.15
21956,3,10,0.1
21971,1,10,0.7499999999999999
21971,2,10,0.15
21971,3,10,0.1
22008,1,10,0.7499999999999999
22008,2,10,0.15
22008,3,10,0.1
22028,1,10,0.7499999999999999
22028,2,10,0.15
22028,3,10,0.1
22057,1,10,0.7499999999999999
22057,2,10,0.15
22057,3,10,0.1
22085,1,10,0.7499999999999999
22085,2,10,0.15
22085,3,10,0.1
22121,1,10,0.8823529411764706
22121,1,100,0.0
22121,1,1000,0.0
22121,2,10,0.0
22121,2,100,0.0
22121,2,1000,0.0
22121,3,10,0.1176470588235294
22121,3,100,0.0
22121,3,1000,0.0
22142,1,10,0.7499999999999999
22142,2,10,0.15
22142,3,10,0.1
22150,1,10,0.7499999999999999
22150,2,10,0.15
22150,3,10,0.1
22234,1,10,0.7499999999999999
22234,2,10,0.15
22234,3,10,0.1
22251,1,10,0.7499999999999999
22251,2,10,0.15
22251,3,10,0.1
22269,1,10,0.7499999999999999
22269,2,10,0.15
22269,3,10,0.1
22272,1,10,0.7499999999999999
22272,2,10,0.15
22272,3,10,0.1
22304,1,10,0.7499999999999999
22304,2,10,0.15
22304,3,10,0.1
22335,1,10,0.7499999999999999
22335,2,10,0.15
22335,3,10,0.1
22342,1,10,0.7499999999999999
22342,2,10,0.15
22342,3,10,0.1
22359,1,10,0.7499999999999999
22359,2,10,0.15
22359,3,10,0.1
22368,1,10,0.7499999999999999
22368,2,10,0.15
22368,3,10,0.1
22379,1,10,0.7499999999999999
22379,2,10,0.15
22379,3,10,0.1
22385,1,10,0.7499999999999999
22385,2,10,0.15
22385,3,10,0.1
22400,1,10,0.7499999999999999
22400,2,10,0.15
22400,3,10,0.1
22401,1,10,0.7499999999999999
22401,2,10,0.15
22401,3,10,0.1
22417,1,10,0.7499999999999999
22417,2,10,0.15
22417,3,10,0.1
22428,1,10,0.7499999999999999
22428,2,10,0.15
22428,3,10,0.1
22446,1,10,0.7499999999999999
22446,2,10,0.15
22446,3,10,0.1
22499,1,10,0.7499999999999999
22499,2,10,0.15
22499,3,10,0.1
22562,1,10,0.8823529411764706
22562,1,100,0.0
22562,1,1000,0.0
22562,2,10,0.0
22562,2,100,0.0
22562,2,1000,0.0
22562,3,10,0.1176470588235294
22562,3,100,0.0
22562,3,1000,0.0
22567,1,10,0.7499999999999999
22567,2,10,0.15
22567,3,10,0.1
22594,1,10,0.7499999999999999
22594,2,10,0.15
22594,3,10,0.1
22612,1,10,0.7499999999999999
22612,2,10,0.15
22612,3,10,0.1
22667,1,10,0.7499999999999999
22667,2,10,0.15
22667,3,10,0.1
22705,1,10,0.8823529411764706
22705,1,100,0.0
22705,1,1000,0.0
22705,2,10,0.0
22705,2,100,0.0
22705,2,1000,0.0
22705,3,10,0.1176470588235294
22705,3,100,0.0
22705,3,1000,0.0
22726,1,10,0.7499999999999999
22726,2,10,0.15
22726,3,10,0.1
22737,1,10,0.7499999999999999
22737,2,10,0.15
22737,3,10,0.1
22738,1,10,0.7499999999999999
22738,2,10,0.15
22738,3,10,0.1
22757,1,10,0.7499999999999999
22757,2,10,0.15
22757,3,10,0.1
22771,1,10,0.7499999999999999
22771,2,10,0.15
22771,3,10,0.1
22787,1,10,0.8823529411764706
22787,1,100,0.0
22787,1,1000,0.0
22787,2,10,0.0
22787,2,100,0.0
22787,2,1000,0.0
22787,3,10,0.1176470588235294
22787,3,100,0.0
22787,3,1000,0.0
22832,1,10,0.7499999999999999
22832,2,10,0.15
22832,3,10,0.1
22860,1,10,0.7499999999999999
22860,2,10,0.15
22860,3,10,0.1
22871,1,10,0.7499999999999999
22871,2,10,0.15
22871,3,10,0.1
22915,1,10,0.7499999999999999
22915,2,10,0.15
22915,3,10,0.1
22930,1,10,0.7499999999999999
22930,2,10,0.15
22930,3,10,0.1
22939,1,10,0.7499999999999999
22939,2,10,0.15
22939,3,10,0.1
22987,1,10,0.7499999999999999
22987,2,10,0.15
22987,3,10,0.1
22993,1,10,0.7499999999999999
22993,2,10,0.15
22993,3,10,0.1
23008,1,10,0.7499999999999999
23008,2,10,0.15
23008,3,10,0.1
23016,1,10,0.7499999999999999
23016,2,10,0.15
23016,3,10,0.1
23058,1,10,0.7499999999999999
23058,2,10,0.15
23058,3,10,0.1
23071,1,10,0.7499999999999999
23071,2,10,0.15
23071,3,10,0.1
23099,1,10,0.7499999999999999
23099,2,10,0.15
23099,3,10,0.1
23120,1,10,0.7499999999999999
23120,2,10,0.15
23120,3,10,0.1
23160,1,10,0.8823529411764706
23160,1,100,0.0
23160,1,1000,0.0
23160,2,10,0.0
23160,2,100,0.0
23160,2,1000,0.0
23160,3,10,0.1176470588235294
23160,3,100,0.0
23160,3,1000,0.0
23184,1,10,0.7499999999999999
23184,2,10,0.15
23184,3,10,0.1
23221,1,10,0.7499999999999999
23221,2,10,0.15
23221,3,10,0.1
23242,1,10,0.7499999999999999
23242,2,10,0.15
23242,3,10,0.1
23276,1,10,0.7499999999999999
23276,2,10,0.15
23276,3,10,0.1
23287,1,10,0.7499999999999999
23287,2,10,0.15
23287,3,10,0.1
23288,1,10,0.7499999999999999
23288,2,10,0.15
23288,3,10,0.1
23346,1,10,0.7499999999999999
23346,2,10,0.15
23346,3,10,0.1
23367,1,10,0.7499999999999999
23367,2,10,0.15
23367,3,10,0.1
23375,1,10,0.8823529411764706
23375,1,100,0.0
23375,1,1000,0.0
23375,2,10,0.0
23375,2,100,0.0
23375,2,1000,0.0
23375,3,10,0.1176470588235294
23375,3,100,0.0
23375,3,1000,0.0
23382,1,10,0.7499999999999999
23382,2,10,0.15
23382,3,10,0.1
23386,1,10,0.7499999999999999
23386,2,10,0.15
23386,3,10,0.1
23391,1,10,0.7499999999999999
23391,2,10,0.15
23391,3,10,0.1
23417,1,10,0.8823529411764706
23417,1,100,0.0
23417,1,1000,0.0
23417,2,10,0.0
23417,2,100,0.0
23417,2,1000,0.0
23417,3,10,0.1176470588235294
23417,3,100,0.0
23417,3,1000,0.0
23459,1,10,0.7499999999999999
23459,2,10,0.15
23459,3,10,0.1
23476,1,10,0.7499999999999999
23476,2,10,0.15
23476,3,10,0.1
23503,1,10,0.8823529411764706
23503,1,100,0.0
23503,1,1000,0.0
23503,2,10,0.0
23503,2,100,0.0
23503,2,1000,0.0
23503,3,10,0.1176470588235294
23503,3,100,0.0
23503,3,1000,0.0
23525,1,10,0.7499999999999999
23525,2,10,0.15
23525,3,10,0.1
23534,1,10,0.7499999999999999
23534,2,10,0.15
23534,3,10,0.1
23566,1,10,0.7499999999999999
23566,2,10,0.15
23566,3,10,0.1
23585,1,10,0.7499999999999999
23585,2,10,0.15
23585,3,10,0.1
23648,1,10,0.7499999999999999
23648,2,10,0.15
23648,3,10,0.1
23666,1,10,0.7499999999999999
23666,2,10,0.15
23666,3,10,0.1
23713,1,10,0.7499999999999999
23713,2,10,0.15
23713,3,10,0.1
23724,1,10,0.7499999999999999
23724,2,10,0.15
23724,3,10,0.1
23734,1,10,0.7499999999999999
23734,2,10,0.15
23734,3,10,0.1
23748,1,10,0.7499999999999999
23748,2,10,0.15
23748,3,10,0.1
23822,1,10,0.7499999999999999
23822,2,10,0.15
23822,3,10,0.1
23882,1,10,0.7499999999999999
23882,2,10,0.15
23882,3,10,0.1
23907,1,10,0.7499999999999999
23907,2,10,0.15
23907,3,10,0.1
23924,1,10,0.7499999999999999
23924,2,10,0.15
23924,3,10,0.1
23928,1,10,0.7499999999999999
23928,2,10,0.15
23928,3,10,0.1
23939,1,10,0.7499999999999999
23939,2,10,0.15
23939,3,10,0.1
23969,1,10,0.7499999999999999
23969,2,10,0.15
23969,3,10,0.1
24006,1,10,0.7499999999999999
24006,2,10,0.15
24006,3,10,0.1
24031,1,10,0.7499999999999999
24031,2,10,0.15
24031,3,10,0.1
24055,1,10,0.7499999999999999
24055,2,10,0.15
24055,3,10,0.1
24066,1,10,0.7499999999999999
24066,2,10,0.15
24066,3,10,0.1
24087,1,10,0.7499999999999999
24087,2,10,0.15
24087,3,10,0.1
24091,1,10,0.7499999999999999
24091,2,10,0.15
24091,3,10,0.1
24093,1,10,0.7499999999999999
24093,2,10,0.15
24093,3,10,0.1
24096,1,10,0.7499999999999999
24096,2,10,0.15
24096,3,10,0.1
24107,1,10,0.7499999999999999
24107,2,10,0.15
24107,3,10,0.1
24111,1,10,0.7499999999999999
24111,2,10,0.15
24111,3,10,0.1
24148,1,10,0.7499999999999999
24148,2,10,0.15
24148,3,10,0.1
24165,1,10,0.7499999999999999
24165,2,10,0.15
24165,3,10,0.1
24177,1,10,0.7499999999999999
24177,2,10,0.15
24177,3,10,0.1
24182,1,10,0.7499999999999999
24182,2,10,0.15
24182,3,10,0.1
24186,1,10,0.7499999999999999
24186,2,10,0.15
24186,3,10,0.1
24197,1,10,0.7499999999999999
24197,2,10,0.15
24197,3,10,0.1
24241,1,10,0.7499999999999999
24241,2,10,0.15
24241,3,10,0.1
24245,1,10,0.7499999999999999
24245,2,10,0.15
24245,3,10,0.1
24301,1,10,0.7499999999999999
24301,2,10,0.15
24301,3,10,0.1
24322,1,10,0.7499999999999999
24322,2,10,0.15
24322,3,10,0.1
24343,1,10,0.7499999999999999
24343,2,10,0.15
24343,3,10,0.1
24355,1,10,0.8823529411764706
24355,1,100,0.0
24355,1,1000,0.0
24355,2,10,0.0
24355,2,100,0.0
24355,2,1000,0.0
24355,3,10,0.1176470588235294
24355,3,100,0.0
24355,3,1000,0.0
24383,1,10,0.7499999999999999
24383,2,10,0.15
24383,3,10,0.1
24395,1,10,0.7499999999999999
24395,2,10,0.15
24395,3,10,0.1
24423,1,10,0.7499999999999999
24423,2,10,0.15
24423,3,10,0.1
24443,1,10,0.8823529411764706
24443,1,100,0.0
24443,1,1000,0.0
24443,2,10,0.0
24443,2,100,0.0
24443,2,1000,0.0
24443,3,10,0.1176470588235294
24443,3,100,0.0
24443,3,1000,0.0
24473,1,10,0.7499999999999999
24473,2,10,0.15
24473,3,10,0.1
24503,1,10,0.7499999999999999
24503,2,10,0.15
24503,3,10,0.1
24511,1,10,0.7499999999999999
24511,2,10,0.15
24511,3,10,0.1
24556,1,10,0.7499999999999999
24556,2,10,0.15
24556,3,10,0.1
24586,1,10,0.7499999999999999
24586,2,10,0.15
24586,3,10,0.1
24609,1,10,0.7499999999999999
24609,2,10,0.15
24609,3,10,0.1
24620,1,10,0.7499999999999999
24620,2,10,0.15
24620,3,10,0.1
24621,1,10,0.7499999999999999
24621,2,10,0.15
24621,3,10,0.1
24622,1,10,0.7499999999999999
24622,2,10,0.15
24622,3,10,0.1
24690,1,10,0.7499999999999999
24690,2,10,0.15
24690,3,10,0.1
24734,1,10,0.7499999999999999
24734,2,10,0.15
24734,3,10,0.1
24753,1,10,0.7499999999999999
24753,2,10,0.15
24753,3,10,0.1
24770,1,10,0.7499999999999999
24770,2,10,0.15
24770,3,10,0.1
24816,1,10,0.7499999999999999
24816,2,10,0.15
24816,3,10,0.1
24827,1,10,0.7499999999999999
24827,2,10,0.15
24827,3,10,0.1
24864,1,10,0.7499999999999999
24864,2,10,0.15
24864,3,10,0.1
24870,1,10,0.7499999999999999
24870,2,10,0.15
24870,3,10,0.1
24880,1,10,0.7499999999999999
24880,2,10,0.15
24880,3,10,0.1
24882,1,10,0.7499999999999999
24882,2,10,0.15
24882,3,10,0.1
24906,1,10,0.7499999999999999
24906,2,10,0.15
24906,3,10,0.1
24949,1,10,0.7499999999999999
24949,2,10,0.15
24949,3,10,0.1
24975,1,10,0.7499999999999999
24975,2,10,0.15
24975,3,10,0.1
24998,1,10,0.7499999999999999
24998,2,10,0.15
24998,3,10,0.1
25030,1,10,0.7499999999999999
25030,2,10,0.15
25030,3,10,0.1
25079,1,10,0.7499999999999999
25079,2,10,0.15
25079,3,10,0.1
25084,1,10,0.7499999999999999
25084,2,10,0.15
25084,3,10,0.1
25095,1,10,0.7499999999999999
25095,2,10,0.15
25095,3,10,0.1
25119,1,10,0.7499999999999999
25119,2,10,0.15
25119,3,10,0.1
25147,1,10,0.7499999999999999
25147,2,10,0.15
25147,3,10,0.1
25175,1,10,0.7499999999999999
25175,2,10,0.15
25175,3,10,0.1
25183,1,10,0.7499999999999999
25183,2,10,0.15
25183,3,10,0.1
25210,1,10,0.7499999999999999
25210,2,10,0.15
25210,3,10,0.1
25228,1,10,0.7499999999999999
25228,2,10,0.15
25228,3,10,0.1
25260,1,10,0.7499999999999999
25260,2,10,0.15
25260,3,10,0.1
25262,1,10,0.7499999999999999
25262,2,10,0.15
25262,3,10,0.1
25272,1,10,0.8823529411764706
25272,1,100,0.0
25272,1,1000,0.0
25272,2,10,0.0
25272,2,100,0.0
25272,2,1000,0.0
25272,3,10,0.1176470588235294
25272,3,100,0.0
25272,3,1000,0.0
25289,1,10,0.7499999999999999
25289,2,10,0.15
25289,3,10,0.1
25321,1,10,0.7499999999999999
25321,2,10,0.15
25321,3,10,0.1
25323,1,10,0.7499999999999999
25323,2,10,0.15
25323,3,10,0.1
25354,1,10,0.7499999999999999
25354,2,10,0.15
25354,3,10,0.1
25407,1,10,0.7499999999999999
25407,2,10,0.15
25407,3,10,0.1
25419,1,10,0.7499999999999999
25419,2,10,0.15
25419,3,10,0.1
25452,1,10,0.8823529411764706
25452,1,100,0.0
25452,1,1000,0.0
25452,2,10,0.0
25452,2,100,0.0
25452,2,1000,0.0
25452,3,10,0.1176470588235294
25452,3,100,0.0
25452,3,1000,0.0
25473,1,10,0.7499999999999999
25473,2,10,0.15
25473,3,10,0.1
25530,1,10,0.7499999999999999
25530,2,10,0.15
25530,3,10,0.1
25559,1,10,0.7499999999999999
25559,2,10,0.15
25559,3,10,0.1
25607,1,10,0.7499999999999999
25607,2,10,0.15
25607,3,10,0.1
25625,1,10,0.7499999999999999
25625,2,10,0.15
25625,3,10,0.1
25627,1,10,0.7499999999999999
25627,2,10,0.15
25627,3,10,0.1
25639,1,10,0.7499999999999999
25639,2,10,0.15
25639,3,10,0.1
25672,1,10,0.7499999999999999
25672,2,10,0.15
25672,3,10,0.1
25674,1,10,0.7499999999999999
25674,2,10,0.15
25674,3,10,0.1
25691,1,10,0.7499999999999999
25691,2,10,0.15
25691,3,10,0.1
25696,1,10,0.8823529411764706
25696,1,100,0.0
25696,1,1000,0.0
25696,2,10,0.0
25696,2,100,0.0
25696,2,1000,0.0
25696,3,10,0.1176470588235294
25696,3,100,0.0
25696,3,1000,0.0
25778,1,10,0.7499999999999999
25778,2,10,0.15
25778,3,10,0.1
25779,1,10,0.7499999999999999
25779,2,10,0.15
25779,3,10,0.1
25810,1,10,0.7499999999999999
25810,2,10,0.15
25810,3,10,0.1
25812,1,10,0.7499999999999999
25812,2,10,0.15
25812,3,10,0.1
25843,1,10,0.7499999999999999
25843,2,10,0.15
25843,3,10,0.1
25891,1,10,0.8823529411764706
25891,1,100,0.0
25891,1,1000,0.0
25891,2,10,0.0
25891,2,100,0.0
25891,2,1000,0.0
25891,3,10,0.1176470588235294
25891,3,100,0.0
25891,3,1000,0.0
25951,1,10,0.7499999999999999
25951,2,10,0.15
25951,3,10,0.1
25963,1,10,0.7499999999999999
25963,2,10,0.15
25963,3,10,0.1
25974,1,10,0.7499999999999999
25974,2,10,0.15
25974,3,10,0.1
25980,1,10,0.7499999999999999
25980,2,10,0.15
25980,3,10,0.1
26003,1,10,0.7499999999999999
26003,2,10,0.15
26003,3,10,0.1
26004,1,10,0.7499999999999999
26004,2,10,0.15
26004,3,10,0.1
26012,1,10,0.7499999999999999
26012,2,10,0.15
26012,3,10,0.1
26071,1,10,0.7499999999999999
26071,2,10,0.15
26071,3,10,0.1
26103,1,10,0.7499999999999999
26103,2,10,0.15
26103,3,10,0.1
26113,1,10,0.7499999999999999
26113,2,10,0.15
26113,3,10,0.1
26115,1,10,0.7499999999999999
26115,2,10,0.15
26115,3,10,0.1
26149,1,10,0.7499999999999999
26149,2,10,0.15
26149,3,10,0.1
26194,1,10,0.7499999999999999
26194,2,10,0.15
26194,3,10,0.1
26196,1,10,0.7499999999999999
26196,2,10,0.15
26196,3,10,0.1
26236,1,10,0.7499999999999999
26236,2,10,0.15
26236,3,10,0.1
26280,1,10,0.7499999999999999
26280,2,10,0.15
26280,3,10,0.1
26306,1,10,0.7499999999999999
26306,2,10,0.15
26306,3,10,0.1
26324,1,10,0.7499999999999999
26324,2,10,0.15
26324,3,10,0.1
26385,1,10,0.7499999999999999
26385,2,10,0.15
26385,3,10,0.1
26486,1,10,0.7499999999999999
26486,2,10,0.15
26486,3,10,0.1
26493,1,10,0.7499999999999999
26493,2,10,0.15
26493,3,10,0.1
26496,1,10,0.7499999999999999
26496,2,10,0.15
26496,3,10,0.1
26499,1,10,0.7499999999999999
26499,2,10,0.15
26499,3,10,0.1
26500,1,10,0.7499999999999999
26500,2,10,0.15
26500,3,10,0.1
26533,1,10,0.7499999999999999
26533,2,10,0.15
26533,3,10,0.1
26543,1,10,0.7499999999999999
26543,2,10,0.15
26543,3,10,0.1
26547,1,10,0.7499999999999999
26547,2,10,0.15
26547,3,10,0.1
26548,1,10,0.7499999999999999
26548,2,10,0.15
26548,3,10,0.1
26549,1,10,0.7499999999999999
26549,2,10,0.15
26549,3,10,0.1
26563,1,10,0.7499999999999999
26563,2,10,0.15
26563,3,10,0.1
26586,1,10,0.7499999999999999
26586,2,10,0.15
26586,3,10,0.1
26615,1,10,0.8823529411764706
26615,1,100,0.0
26615,1,1000,0.0
26615,2,10,0.0
26615,2,100,0.0
26615,2,1000,0.0
26615,3,10,0.1176470588235294
26615,3,100,0.0
26615,3,1000,0.0
26636,1,10,0.7499999999999999
26636,2,10,0.15
26636,3,10,0.1
26655,1,10,0.7499999999999999
26655,2,10,0.15
26655,3,10,0.1
26663,1,10,0.8823529411764706
26663,1,100,0.0
26663,1,1000,0.0
26663,2,10,0.0
26663,2,100,0.0
26663,2,1000,0.0
26663,3,10,0.1176470588235294
26663,3,100,0.0
26663,3,1000,0.0
26672,1,10,0.7499999999999999
26672,2,10,0.15
26672,3,10,0.1
26679,1,10,0.7499999999999999
26679,2,10,0.15
26679,3,10,0.1
26689,1,10,0.7499999999999999
26689,2,10,0.15
26689,3,10,0.1
26705,1,10,0.7499999999999999
26705,2,10,0.15
26705,3,10,0.1
26714,1,10,0.7499999999999999
26714,2,10,0.15
26714,3,10,0.1
26716,1,10,0.7499999999999999
26716,2,10,0.15
26716,3,10,0.1
26743,1,10,0.7499999999999999
26743,2,10,0.15
26743,3,10,0.1
26777,1,10,0.7499999999999999
26777,2,10,0.15
26777,3,10,0.1
26789,1,10,0.8823529411764706
26789,1,100,0.0
26789,1,1000,0.0
26789,2,10,0.0
26789,2,100,0.0
26789,2,1000,0.0
26789,3,10,0.1176470588235294
26789,3,100,0.0
26789,3,1000,0.0
26815,1,10,0.7499999999999999
26815,2,10,0.15
26815,3,10,0.1
26884,1,10,0.7499999999999999
26884,2,10,0.15
26884,3,10,0.1
26887,1,10,0.7499999999999999
26887,2,10,0.15
26887,3,10,0.1
26892,1,10,0.7499999999999999
26892,2,10,0.15
26892,3,10,0.1
26984,1,10,0.7499999999999999
26984,2,10,0.15
26984,3,10,0.1
27017,1,10,0.7499999999999999
27017,2,10,0.15
27017,3,10,0.1
27044,1,10,0.7499999999999999
27044,2,10,0.15
27044,3,10,0.1
27078,1,10,0.7499999999999999
27078,2,10,0.15
27078,3,10,0.1
27110,1,10,0.7499999999999999
27110,2,10,0.15
27110,3,10,0.1
27120,1,10,0.7499999999999999
27120,2,10,0.15
27120,3,10,0.1
27133,1,10,0.7499999999999999
27133,2,10,0.15
27133,3,10,0.1
27142,1,10,0.7499999999999999
27142,2,10,0.15
27142,3,10,0.1
27155,1,10,0.7499999999999999
27155,2,10,0.15
27155,3,10,0.1
27263,1,10,0.7499999999999999
27263,2,10,0.15
27263,3,10,0.1
27267,1,10,0.7499999999999999
27267,2,10,0.15
27267,3,10,0.1
27279,1,10,0.7499999999999999
27279,2,10,0.15
27279,3,10,0.1
27292,1,10,0.7499999999999999
27292,2,10,0.15
27292,3,10,0.1
27356,1,10,0.7499999999999999
27356,2,10,0.15
27356,3,10,0.1
27364,1,10,0.7499999999999999
27364,2,10,0.15
27364,3,10,0.1
27457,1,10,0.7499999999999999
27457,2,10,0.15
27457,3,10,0.1
27471,1,10,0.7499999999999999
27471,2,10,0.15
27471,3,10,0.1
27479,1,10,0.7499999999999999
27479,2,10,0.15
27479,3,10,0.1
27514,1,10,0.7499999999999999
27514,2,10,0.15
27514,3,10,0.1
27516,1,10,0.7499999999999999
27516,2,10,0.15
27516,3,10,0.1
27581,1,10,0.7499999999999999
27581,2,10,0.15
27581,3,10,0.1
27592,1,10,0.7499999999999999
27592,2,10,0.15
27592,3,10,0.1
27614,1,10,0.7499999999999999
27614,2,10,0.15
27614,3,10,0.1
27764,1,10,0.7499999999999999
27764,2,10,0.15
27764,3,10,0.1
27773,1,10,0.7499999999999999
27773,2,10,0.15
27773,3,10,0.1
27807,1,10,0.7499999999999999
27807,2,10,0.15
27807,3,10,0.1
27822,1,10,0.7499999999999999
27822,2,10,0.15
27822,3,10,0.1
27869,1,10,0.7499999999999999
27869,2,10,0.15
27869,3,10,0.1
27897,1,10,0.8823529411764706
27897,1,100,0.0
27897,1,1000,0.0
27897,2,10,0.0
27897,2,100,0.0
27897,2,1000,0.0
27897,3,10,0.1176470588235294
27897,3,100,0.0
27897,3,1000,0.0
27899,1,10,0.8823529411764706
27899,1,100,0.0
27899,1,1000,0.0
27899,2,10,0.0
27899,2,100,0.0
27899,2,1000,0.0
27899,3,10,0.1176470588235294
27899,3,100,0.0
27899,3,1000,0.0
27935,1,10,0.7499999999999999
27935,2,10,0.15
27935,3,10,0.1
27986,1,10,0.7499999999999999
27986,2,10,0.15
27986,3,10,0.1
27991,1,10,0.7499999999999999
27991,2,10,0.15
27991,3,10,0.1
27995,1,10,0.7499999999999999
27995,2,10,0.15
27995,3,10,0.1
28012,1,10,0.7499999999999999
28012,2,10,0.15
28012,3,10,0.1
28027,1,10,0.7499999999999999
28027,2,10,0.15
28027,3,10,0.1
28037,1,10,0.7499999999999999
28037,2,10,0.15
28037,3,10,0.1
28067,1,10,0.7499999999999999
28067,2,10,0.15
28067,3,10,0.1
28073,1,10,0.7499999999999999
28073,2,10,0.15
28073,3,10,0.1
28119,1,10,0.7499999999999999
28119,2,10,0.15
28119,3,10,0.1
28134,1,10,0.7499999999999999
28134,2,10,0.15
28134,3,10,0.1
28144,1,10,0.7499999999999999
28144,2,10,0.15
28144,3,10,0.1
28178,1,10,0.7499999999999999
28178,2,10,0.15
28178,3,10,0.1
28191,1,10,0.7499999999999999
28191,2,10,0.15
28191,3,10,0.1
28219,1,10,0.7499999999999999
28219,2,10,0.15
28219,3,10,0.1
28232,1,10,0.7499999999999999
28232,2,10,0.15
28232,3,10,0.1
28262,1,10,0.7499999999999999
28262,2,10,0.15
28262,3,10,0.1
28298,1,10,0.7499999999999999
28298,2,10,0.15
28298,3,10,0.1
28322,1,10,0.7499999999999999
28322,2,10,0.15
28322,3,10,0.1
28336,1,10,0.7499999999999999
28336,2,10,0.15
28336,3,10,0.1
28341,1,10,0.7499999999999999
28341,2,10,0.15
28341,3,10,0.1
28383,1,10,0.7499999999999999
28383,2,10,0.15
28383,3,10,0.1
28394,1,10,0.7499999999999999
28394,2,10,0.15
28394,3,10,0.1
28434,1,10,0.7499999999999999
28434,2,10,0.15
28434,3,10,0.1
28451,1,10,0.7499999999999999
28451,2,10,0.15
28451,3,10,0.1
28452,1,10,0.8823529411764706
28452,1,100,0.0
28452,1,1000,0.0
28452,2,10,0.0
28452,2,100,0.0
28452,2,1000,0.0
28452,3,10,0.1176470588235294
28452,3,100,0.0
28452,3,1000,0.0
28454,1,10,0.7499999999999999
28454,2,10,0.15
28454,3,10,0.1
28606,1,10,0.7499999999999999
28606,2,10,0.15
28606,3,10,0.1
28639,1,10,0.7499999999999999
28639,2,10,0.15
28639,3,10,0.1
28647,1,10,0.7499999999999999
28647,2,10,0.15
28647,3,10,0.1
28688,1,10,0.8823529411764706
28688,1,100,0.0
28688,1,1000,0.0
28688,2,10,0.0
28688,2,100,0.0
28688,2,1000,0.0
28688,3,10,0.1176470588235294
28688,3,100,0.0
28688,3,1000,0.0
28704,1,10,0.7499999999999999
28704,2,10,0.15
28704,3,10,0.1
28712,1,10,0.7499999999999999
28712,2,10,0.15
28712,3,10,0.1
28738,1,10,0.7499999999999999
28738,2,10,0.15
28738,3,10,0.1
28747,1,10,0.8823529411764706
28747,1,100,0.0
28747,1,1000,0.0
28747,2,10,0.0
28747,2,100,0.0
28747,2,1000,0.0
28747,3,10,0.1176470588235294
28747,3,100,0.0
28747,3,1000,0.0
28748,1,10,0.8823529411764706
28748,1,100,0.0
28748,1,1000,0.0
28748,2,10,0.0
28748,2,100,0.0
28748,2,1000,0.0
28748,3,10,0.1176470588235294
28748,3,100,0.0
28748,3,1000,0.0
28761,1,10,0.7499999999999999
28761,2,10,0.15
28761,3,10,0.1
28763,1,10,0.7499999999999999
28763,2,10,0.15
28763,3,10,0.1
28769,1,10,0.7499999999999999
28769,2,10,0.15
28769,3,10,0.1
28772,1,10,0.7499999999999999
28772,2,10,0.15
28772,3,10,0.1
28841,1,10,0.7499999999999999
28841,2,10,0.15
28841,3,10,0.1
28870,1,10,0.7499999999999999
28870,2,10,0.15
28870,3,10,0.1
28881,1,10,0.7499999999999999
28881,2,10,0.15
28881,3,10,0.1
28895,1,10,0.7499999999999999
28895,2,10,0.15
28895,3,10,0.1
28965,1,10,0.7499999999999999
28965,2,10,0.15
28965,3,10,0.1
29008,1,10,0.7499999999999999
29008,2,10,0.15
29008,3,10,0.1
29048,1,10,0.7499999999999999
29048,2,10,0.15
29048,3,10,0.1
29087,1,10,0.7499999999999999
29087,2,10,0.15
29087,3,10,0.1
29088,1,10,0.7499999999999999
29088,2,10,0.15
29088,3,10,0.1
29124,1,10,0.7499999999999999
29124,2,10,0.15
29124,3,10,0.1
29128,1,10,0.7499999999999999
29128,2,10,0.15
29128,3,10,0.1
29131,1,10,0.7499999999999999
29131,2,10,0.15
29131,3,10,0.1
29136,1,10,0.7499999999999999
29136,2,10,0.15
29136,3,10,0.1
29170,1,10,0.7499999999999999
29170,2,10,0.15
29170,3,10,0.1
29186,1,10,0.7499999999999999
29186,2,10,0.15
29186,3,10,0.1
29207,1,10,0.7499999999999999
29207,2,10,0.15
29207,3,10,0.1
29218,1,10,0.7499999999999999
29218,2,10,0.15
29218,3,10,0.1
29238,1,10,0.7499999999999999
29238,2,10,0.15
29238,3,10,0.1
29254,1,10,0.7499999999999999
29254,2,10,0.15
29254,3,10,0.1
29260,1,10,0.7499999999999999
29260,2,10,0.15
29260,3,10,0.1
29298,1,10,0.7499999999999999
29298,2,10,0.15
29298,3,10,0.1
29303,1,10,0.8823529411764706
29303,1,100,0.0
29303,1,1000,0.0
29303,2,10,0.0
29303,2,100,0.0
29303,2,1000,0.0
29303,3,10,0.1176470588235294
29303,3,100,0.0
29303,3,1000,0.0
29402,1,10,0.7499999999999999
29402,2,10,0.15
29402,3,10,0.1
29449,1,10,0.7499999999999999
29449,2,10,0.15
29449,3,10,0.1
29458,1,10,0.7499999999999999
29458,2,10,0.15
29458,3,10,0.1
29499,1,10,0.7499999999999999
29499,2,10,0.15
29499,3,10,0.1
29516,1,10,0.7499999999999999
29516,2,10,0.15
29516,3,10,0.1
29518,1,10,0.8823529411764706
29518,1,100,0.0
29518,1,1000,0.0
29518,2,10,0.0
29518,2,100,0.0
29518,2,1000,0.0
29518,3,10,0.1176470588235294
29518,3,100,0.0
29518,3,1000,0.0
29559,1,10,0.7499999999999999
29559,2,10,0.15
29559,3,10,0.1
29578,1,10,0.7499999999999999
29578,2,10,0.15
29578,3,10,0.1
29579,1,10,0.8823529411764706
29579,1,100,0.0
29579,1,1000,0.0
29579,2,10,0.0
29579,2,100,0.0
29579,2,1000,0.0
29579,3,10,0.1176470588235294
29579,3,100,0.0
29579,3,1000,0.0
29618,1,10,0.7499999999999999
29618,2,10,0.15
29618,3,10,0.1
29625,1,10,0.7499999999999999
29625,2,10,0.15
29625,3,10,0.1
29666,1,10,0.8823529411764706
29666,1,100,0.0
29666,1,1000,0.0
29666,2,10,0.0
29666,2,100,0.0
29666,2,1000,0.0
29666,3,10,0.1176470588235294
29666,3,100,0.0
29666,3,1000,0.0
29704,1,10,0.7499999999999999
29704,2,10,0.15
29704,3,10,0.1
29807,1,10,0.7499999999999999
29807,2,10,0.15
29807,3,10,0.1
29832,1,10,0.7499999999999999
29832,2,10,0.15
29832,3,10,0.1
29843,1,10,0.7499999999999999
29843,2,10,0.15
29843,3,10,0.1
29880,1,10,0.7499999999999999
29880,2,10,0.15
29880,3,10,0.1
29889,1,10,0.7499999999999999
29889,2,10,0.15
29889,3,10,0.1
29990,1,10,0.7499999999999999
29990,2,10,0.15
29990,3,10,0.1
29998,1,10,0.7499999999999999
29998,2,10,0.15
29998,3,10,0.1
